date,open,high,low,adjClose,value,volume,count,yesterday,close,jdate
2020-07-25,10000.0,10000.0,10000.0,10000.0,127989210000,12798921,359,10000.0,10000.0,1399-05-04
2020-07-26,10000.0,10000.0,10000.0,10000.0,45224270000,4522427,1076,10000.0,10000.0,1399-05-05
2020-07-27,10000.0,10000.0,10000.0,10000.0,21920620000,2192062,548,10000.0,10000.0,1399-05-06
2020-07-28,10000.0,10000.0,10000.0,10000.0,10669720000,1066972,350,10000.0,10000.0,1399-05-07
2020-07-29,10000.0,10000.0,10000.0,10000.0,27713090000,2771309,530,10000.0,10000.0,1399-05-08
2020-11-02,10200.0,10215.0,10110.0,10181.0,25354935833,2490354,345,10000.0,10161.0,1399-08-12
2020-11-04,10210.0,10250.0,10150.0,10225.0,20846913151,2038789,363,10181.0,10241.0,1399-08-14
2020-11-07,10250.0,10260.0,10016.0,10239.0,9902973454,967218,208,10225.0,10220.0,1399-08-17
2020-11-08,10240.0,10240.0,10000.0,10192.0,8660468284,849752,191,10239.0,10140.0,1399-08-18
2020-11-09,10140.0,10145.0,10013.0,10083.0,6340249771,628800,161,10192.0,10050.0,1399-08-19
2020-11-10,10000.0,10160.0,10000.0,10092.0,10662895188,1056549,146,10083.0,10055.0,1399-08-20
2020-11-11,10090.0,10200.0,10040.0,10123.0,8320527264,821966,112,10092.0,10168.0,1399-08-21
2020-11-14,10270.0,10280.0,10190.0,10238.0,1380496883,134835,64,10123.0,10248.0,1399-08-24
2020-11-15,10260.0,10350.0,10260.0,10270.0,2060707534,200655,77,10238.0,10260.0,1399-08-25
2020-11-16,10280.0,10280.0,10270.0,10278.0,2607500220,253686,66,10270.0,10270.0,1399-08-26
2020-11-17,10290.0,10390.0,9251.0,10262.0,6220618090,606191,92,10278.0,10280.0,1399-08-27
2020-11-18,10300.0,10400.0,10300.0,10337.0,2067958700,200051,75,10262.0,10343.0,1399-08-28
2020-11-21,10320.0,10440.0,10320.0,10355.0,4585223055,442822,110,10337.0,10344.0,1399-09-01
2020-11-22,10358.0,10360.0,10348.0,10355.0,2972710378,287076,66,10355.0,10355.0,1399-09-02
2020-11-23,10360.0,10380.0,10358.0,10359.0,38878852000,3753309,128,10355.0,10358.0,1399-09-03
2020-11-24,10380.0,10380.0,10360.0,10362.0,3314669866,319880,73,10359.0,10361.0,1399-09-04
2020-11-25,10370.0,10385.0,10361.0,10371.0,3659169474,352816,79,10362.0,10385.0,1399-09-05
2020-11-28,10382.0,10400.0,10382.0,10390.0,2934545540,282444,80,10371.0,10400.0,1399-09-08
2020-11-29,10410.0,10410.0,10390.0,10397.0,1116785342,107418,64,10390.0,10399.0,1399-09-09
2020-11-30,10400.0,10499.0,10400.0,10430.0,5807507243,556798,68,10397.0,10495.0,1399-09-10
2020-12-01,10600.0,10850.0,10403.0,10742.0,6393135010,595151,143,10430.0,10832.0,1399-09-11
2020-12-02,11000.0,11000.0,10611.0,10730.0,2842871668,264938,92,10742.0,10650.0,1399-09-12
2020-12-05,10621.0,11803.0,10430.0,10786.0,3765421442,349097,95,10730.0,10820.0,1399-09-15
2020-12-06,10983.0,11000.0,10900.0,10959.0,7086743591,646657,116,10786.0,10960.0,1399-09-16
2020-12-07,10960.0,11059.0,10910.0,11016.0,12671462456,1150306,121,10959.0,11022.0,1399-09-17
2020-12-08,11020.0,11050.0,10931.0,11019.0,9081165865,824134,117,11016.0,11050.0,1399-09-18
2020-12-09,11025.0,11050.0,10810.0,10948.0,15001213625,1370195,137,11019.0,10951.0,1399-09-19
2020-12-12,10951.0,11074.0,10950.0,11052.0,2941018702,266119,67,10948.0,11053.0,1399-09-22
2020-12-13,11040.0,11040.0,10511.0,10629.0,90689554613,8532159,374,11052.0,10900.0,1399-09-23
2020-12-14,10890.0,10900.0,10520.0,10588.0,14677399359,1386275,121,10629.0,10531.0,1399-09-24
2020-12-15,10534.0,10534.0,10520.0,10527.0,12056025783,1145247,79,10588.0,10527.0,1399-09-25
2020-12-16,10534.0,10535.0,10532.0,10533.0,15128029462,1436187,86,10527.0,10535.0,1399-09-26
2020-12-19,10552.0,10565.0,10550.0,10552.0,85832670270,8134050,197,10533.0,10565.0,1399-09-29
2020-12-20,10562.0,10700.0,10562.0,10635.0,5933906173,557970,71,10552.0,10700.0,1399-09-30
2020-12-21,10799.0,10940.0,10700.0,10800.0,5288851182,489693,79,10635.0,10868.0,1399-10-01
2020-12-22,10850.0,10900.0,10850.0,10880.0,9768312351,897805,110,10800.0,10899.0,1399-10-02
2020-12-23,10940.0,11005.0,10940.0,10980.0,13990370898,1274180,140,10880.0,10989.0,1399-10-03
2020-12-26,11010.0,11070.0,11000.0,11042.0,11895307832,1077300,129,10980.0,11070.0,1399-10-06
2020-12-27,11042.0,11070.0,11029.0,11058.0,9197843394,831797,115,11042.0,11070.0,1399-10-07
2020-12-28,11061.0,11090.0,11060.0,11075.0,16147206997,1457976,156,11058.0,11089.0,1399-10-08
2020-12-29,11090.0,11100.0,11060.0,11093.0,7509782656,676985,102,11075.0,11100.0,1399-10-09
2020-12-30,11110.0,11130.0,11093.0,11119.0,23155349048,2082505,195,11093.0,11115.0,1399-10-10
2021-01-02,11110.0,11120.0,11040.0,11090.0,4403377761,397068,83,11119.0,11098.0,1399-10-13
2021-01-03,11041.0,11060.0,11030.0,11039.0,16294217146,1476081,148,11090.0,11040.0,1399-10-14
2021-01-04,11051.0,11130.0,11051.0,11114.0,7224201169,649980,87,11039.0,11130.0,1399-10-15
2021-01-05,11081.0,11170.0,11081.0,11144.0,23984584700,2152277,130,11114.0,11130.0,1399-10-16
2021-01-06,11150.0,11160.0,11145.0,11147.0,5780635729,518575,61,11144.0,11150.0,1399-10-17
2021-01-09,11158.0,11160.0,11140.0,11146.0,13308314394,1194048,73,11147.0,11147.0,1399-10-20
2021-01-10,11160.0,11160.0,11147.0,11156.0,6394243445,573181,70,11146.0,11160.0,1399-10-21
2021-01-11,11158.0,11190.0,11178.0,11184.0,3724276321,333015,76,11156.0,11188.0,1399-10-22
2021-01-12,11195.0,11249.0,11193.0,11207.0,10270868658,916452,95,11184.0,11210.0,1399-10-23
2021-01-13,11210.0,11388.0,11210.0,11230.0,16638126636,1481559,152,11207.0,11240.0,1399-10-24
2021-01-16,11210.0,11789.0,11210.0,11240.0,27051669423,2406679,192,11230.0,11230.0,1399-10-27
2021-01-18,11231.0,11375.0,11231.0,11246.0,38044231312,3382788,213,11240.0,11249.0,1399-10-29
2021-01-19,11270.0,11300.0,11246.0,11273.0,15466525016,1372029,111,11246.0,11298.0,1399-10-30
2021-01-20,11270.0,11310.0,11221.0,11279.0,16065742964,1424363,123,11273.0,11301.0,1399-11-01
2021-01-23,11280.0,11300.0,11280.0,11286.0,20172112947,1787327,167,11279.0,11280.0,1399-11-04
2021-01-24,11198.0,11298.0,11198.0,11226.0,5218515748,464868,119,11286.0,11255.0,1399-11-05
2021-01-25,11210.0,11250.0,11198.0,11210.0,4171146523,372108,96,11226.0,11210.0,1399-11-06
2021-01-26,11195.0,11200.0,11150.0,11167.0,20197669890,1808764,112,11210.0,11180.0,1399-11-07
2021-01-27,11206.0,11230.0,11206.0,11213.0,4164375077,371374,64,11167.0,11230.0,1399-11-08
2021-01-30,11250.0,11295.0,11250.0,11277.0,16189070121,1435612,147,11213.0,11285.0,1399-11-11
2021-01-31,11300.0,11304.0,11279.0,11294.0,8164008691,722894,106,11277.0,11295.0,1399-11-12
2021-02-01,11285.0,11400.0,11285.0,11344.0,19098727322,1683635,154,11294.0,11390.0,1399-11-13
2021-02-02,11380.0,11400.0,11348.0,11372.0,59828075068,5261125,332,11344.0,11370.0,1399-11-14
2021-02-03,11372.0,11390.0,11372.0,11386.0,16421576242,1442205,153,11372.0,11390.0,1399-11-15
2021-02-06,11389.0,11401.0,11382.0,11396.0,27959936315,2453579,175,11386.0,11399.0,1399-11-18
2021-02-07,11396.0,11410.0,11311.0,11378.0,31102875476,2733481,196,11396.0,11397.0,1399-11-19
2021-02-08,11391.0,11440.0,11382.0,11396.0,42517426039,3730848,221,11378.0,11397.0,1399-11-20
2021-02-09,11400.0,11415.0,11399.0,11403.0,28224352409,2475206,189,11396.0,11401.0,1399-11-21
2021-02-13,11395.0,11414.0,11390.0,11406.0,37429898474,3281479,181,11403.0,11411.0,1399-11-25
2021-02-14,11409.0,11460.0,11409.0,11411.0,18514948839,1622579,94,11406.0,11411.0,1399-11-26
2021-02-15,11414.0,11415.0,11413.0,11414.0,17804044033,1559895,93,11411.0,11413.0,1399-11-27
2021-02-16,11399.0,11418.0,11399.0,11416.0,11659946335,1021384,75,11414.0,11417.0,1399-11-28
2021-02-17,11419.0,11421.0,11419.0,11419.0,10461875002,916176,74,11416.0,11421.0,1399-11-29
2021-02-20,11423.0,11425.0,11421.0,11423.0,33746560859,2954387,127,11419.0,11421.0,1399-12-02
2021-02-21,11428.0,11428.0,11424.0,11425.0,24097440945,2109231,103,11423.0,11424.0,1399-12-03
2021-02-22,11376.0,11428.0,11376.0,11426.0,30570262167,2675428,153,11425.0,11427.0,1399-12-04
2021-02-23,11429.0,11430.0,11426.0,11427.0,12453080690,1089793,120,11426.0,11427.0,1399-12-05
2021-02-24,11429.0,11430.0,11303.0,11428.0,14074343871,1231559,110,11427.0,11430.0,1399-12-06
2021-02-27,11433.0,11433.0,11430.0,11430.0,6102091159,533853,63,11428.0,11430.0,1399-12-09
2021-02-28,11424.0,11434.0,11423.0,11428.0,11418674144,999225,65,11430.0,11433.0,1399-12-10
2021-03-01,11430.0,11433.0,11430.0,11430.0,14772069473,1292380,81,11428.0,11432.0,1399-12-11
2021-03-02,11432.0,11435.0,11432.0,11432.0,11456191593,1002114,74,11430.0,11432.0,1399-12-12
2021-03-03,11434.0,11437.0,11434.0,11434.0,8140595518,711936,62,11432.0,11435.0,1399-12-13
2021-03-06,11436.0,11438.0,11427.0,11432.0,12898856950,1128306,58,11434.0,11435.0,1399-12-16
2021-03-07,11436.0,11436.0,11200.0,11413.0,13538375124,1186208,56,11432.0,11200.0,1399-12-17
2021-03-08,11415.0,11417.0,11300.0,11357.0,19294949105,1699006,98,11413.0,11415.0,1399-12-18
2021-03-09,11359.0,11361.0,11359.0,11359.0,3653161332,321607,83,11357.0,11359.0,1399-12-19
2021-03-10,11361.0,11363.0,11361.0,11361.0,2409555896,212090,29,11359.0,11361.0,1399-12-20
2021-03-13,11363.0,11364.0,11363.0,11363.0,1941812151,170889,24,11361.0,11363.0,1399-12-23
2021-03-14,11365.0,11367.0,11365.0,11365.0,2925765641,257435,44,11363.0,11365.0,1399-12-24
2021-03-15,11367.0,11369.0,11302.0,11367.0,80776514363,7105998,181,11365.0,11367.0,1399-12-25
2021-03-16,11370.0,11440.0,11370.0,11375.0,59589307879,5238429,103,11367.0,11440.0,1399-12-26
2021-03-17,11778.0,11778.0,11450.0,11541.0,68727884085,5954911,163,11375.0,11600.0,1399-12-27
2021-03-27,11546.0,11775.0,11546.0,11666.0,37815069049,3241512,113,11541.0,11650.0,1400-01-07
2021-03-28,11679.0,11679.0,11671.0,11678.0,2916875637,249784,39,11666.0,11679.0,1400-01-08
2021-03-30,11680.0,11770.0,11680.0,11713.0,14212976315,1213466,96,11678.0,11710.0,1400-01-10
2021-03-31,11720.0,11725.0,11715.0,11718.0,15101631137,1288776,80,11713.0,11725.0,1400-01-11
2021-04-03,11750.0,11750.0,11720.0,11727.0,11210737683,955968,89,11718.0,11721.0,1400-01-14
2021-04-04,11733.0,11734.0,11727.0,11730.0,10426999458,888921,106,11727.0,11730.0,1400-01-15
2021-04-05,11735.0,11735.0,11731.0,11732.0,5986568690,510285,60,11730.0,11731.0,1400-01-16
2021-04-06,11735.0,11740.0,11735.0,11738.0,3302447157,281341,48,11732.0,11740.0,1400-01-17
2021-04-07,11743.0,11743.0,11739.0,11741.0,24617563920,2096746,118,11738.0,11741.0,1400-01-18
2021-04-10,11745.0,11745.0,11741.0,11742.0,21193811522,1804901,147,11741.0,11742.0,1400-01-21
2021-04-11,11510.0,11747.0,11510.0,11734.0,22313317895,1901626,166,11742.0,11747.0,1400-01-22
2021-04-12,11736.0,11739.0,11736.0,11738.0,4401780553,375007,62,11734.0,11737.0,1400-01-23
2021-04-13,11740.0,11743.0,11740.0,11740.0,28415755227,2420348,103,11738.0,11743.0,1400-01-24
2021-04-14,11744.0,11746.0,11743.0,11744.0,10112289834,861064,148,11740.0,11744.0,1400-01-25
2021-04-17,11747.0,11749.0,11685.0,11738.0,15821557431,1347916,74,11744.0,11746.0,1400-01-28
2021-04-18,11740.0,11743.0,11740.0,11740.0,4949757059,421611,49,11738.0,11742.0,1400-01-29
2021-04-19,11742.0,11745.0,11740.0,11742.0,6018651517,512580,33,11740.0,11743.0,1400-01-30
2021-04-20,11747.0,11747.0,11745.0,11745.0,7491608746,637829,48,11742.0,11745.0,1400-01-31
2021-04-21,11748.0,11750.0,11748.0,11748.0,11137063440,947990,44,11745.0,11748.0,1400-02-01
2021-04-24,11753.0,11754.0,11748.0,11748.0,308052509979,26221414,294,11748.0,11748.0,1400-02-04
2021-04-25,11755.0,11758.0,11747.0,11753.0,9987594679,849802,55,11748.0,11751.0,1400-02-05
2021-04-26,11755.0,11757.0,11755.0,11755.0,6436501027,547552,32,11753.0,11755.0,1400-02-06
2021-04-27,11758.0,11760.0,11755.0,11756.0,26473795011,2251931,55,11755.0,11757.0,1400-02-07
2021-04-28,11759.0,11760.0,11759.0,11759.0,645065229,54855,18,11756.0,11759.0,1400-02-08
2021-05-01,11764.0,11764.0,11762.0,11763.0,8857713997,752994,49,11759.0,11764.0,1400-02-11
2021-05-02,11767.0,11768.0,11766.0,11766.0,3805428326,323415,22,11763.0,11766.0,1400-02-12
2021-05-03,11770.0,11770.0,11765.0,11766.0,432273818261,36739087,635,11766.0,11766.0,1400-02-13
2021-05-05,11770.0,11771.0,11769.0,11769.0,3186821439,270773,37,11766.0,11771.0,1400-02-15
2021-05-08,11776.0,11776.0,11775.0,11775.0,3267983502,277534,27,11769.0,11775.0,1400-02-18
2021-05-09,11779.0,11781.0,11778.0,11778.0,4067017320,345303,23,11775.0,11778.0,1400-02-19
2021-05-10,11781.0,11783.0,11781.0,11781.0,7561035471,641797,42,11778.0,11781.0,1400-02-20
2021-05-11,11784.0,11785.0,11784.0,11784.0,3821957741,324334,39,11781.0,11784.0,1400-02-21
2021-05-12,11787.0,11791.0,11787.0,11790.0,1877541158,159252,45,11784.0,11791.0,1400-02-22
2021-05-15,11800.0,11805.0,11800.0,11805.0,13428386886,1137546,66,11790.0,11803.0,1400-02-25
2021-05-16,11812.0,11812.0,11809.0,11811.0,9281677413,785849,23,11805.0,11811.0,1400-02-26
2021-05-17,11816.0,11817.0,11816.0,11817.0,32679590589,2765491,83,11811.0,11816.0,1400-02-27
2021-05-18,11822.0,11824.0,11821.0,11823.0,34302561578,2901460,78,11817.0,11821.0,1400-02-28
2021-05-19,11827.0,11829.0,11824.0,11827.0,26137082533,2209991,65,11823.0,11829.0,1400-02-29
2021-05-22,11841.0,11842.0,11839.0,11840.0,9333069217,788258,39,11827.0,11842.0,1400-03-01
2021-05-23,11844.0,11847.0,11844.0,11844.0,3031172990,255915,28,11840.0,11844.0,1400-03-02
2021-05-24,11848.0,11851.0,11848.0,11848.0,71548377903,6038856,169,11844.0,11849.0,1400-03-03
2021-05-25,11852.0,11854.0,11852.0,11852.0,4177825458,352495,33,11848.0,11852.0,1400-03-04
2021-05-26,11856.0,11860.0,11856.0,11858.0,3180941274,268246,45,11852.0,11856.0,1400-03-05
2021-05-29,11866.0,11869.0,11866.0,11866.0,4722539068,397988,15,11858.0,11866.0,1400-03-08
2021-05-30,11874.0,11874.0,11871.0,11873.0,7228044343,608795,20,11866.0,11871.0,1400-03-09
2021-05-31,11878.0,11881.0,11878.0,11878.0,6857900300,577360,21,11873.0,11879.0,1400-03-10
2021-06-01,11882.0,11884.0,11882.0,11882.0,3373292432,283897,19,11878.0,11884.0,1400-03-11
2021-06-02,11887.0,11890.0,11887.0,11888.0,2443581214,205543,17,11882.0,11890.0,1400-03-12
2021-06-07,11900.0,11901.0,11900.0,11900.0,2680952181,225289,31,11888.0,11900.0,1400-03-17
2021-06-08,11905.0,12010.0,11800.0,11907.0,7159824105,601309,37,11900.0,11906.0,1400-03-18
2021-06-09,12002.0,12017.0,11600.0,11912.0,11317756282,950125,50,11907.0,11915.0,1400-03-19
2021-06-12,11925.0,11925.0,11922.0,11923.0,12410017164,1040847,47,11912.0,11923.0,1400-03-22
2021-06-13,11995.0,12045.0,11995.0,12044.0,143765079621,11937044,155,11923.0,12041.0,1400-03-23
2021-06-14,12049.0,12052.0,12049.0,12049.0,121930885547,10119568,240,12044.0,12052.0,1400-03-24
2021-06-15,12054.0,12057.0,12054.0,12054.0,265173682,21998,11,12049.0,12054.0,1400-03-25
2021-06-16,12061.0,12061.0,12058.0,12060.0,515403667,42738,43,12054.0,12060.0,1400-03-26
2021-06-19,12076.0,12076.0,12073.0,12073.0,915729889,75847,41,12060.0,12073.0,1400-03-29
2021-06-20,12078.0,12081.0,12078.0,12078.0,6977766232,577710,27,12073.0,12080.0,1400-03-30
2021-06-21,12083.0,12086.0,12083.0,12085.0,1525184204,126209,30,12078.0,12084.0,1400-03-31
2021-06-22,12090.0,12093.0,12089.0,12090.0,79419625564,6569187,142,12085.0,12092.0,1400-04-01
2021-06-23,12097.0,12098.0,12095.0,12097.0,1305334725,107908,25,12090.0,12097.0,1400-04-02
2021-06-26,12112.0,12112.0,12110.0,12110.0,9546529337,788299,50,12097.0,12110.0,1400-04-05
2021-06-27,12118.0,12118.0,12115.0,12115.0,15140707823,1249748,46,12110.0,12115.0,1400-04-06
2021-06-28,12120.0,12122.0,12119.0,12120.0,202129774894,16677370,245,12115.0,12120.0,1400-04-07
2021-06-29,12128.0,12128.0,12125.0,12126.0,1258999751,103825,17,12120.0,12127.0,1400-04-08
2021-06-30,12134.0,12134.0,12131.0,12132.0,1009230820,83187,21,12126.0,12134.0,1400-04-09
2021-07-03,12147.0,12147.0,12144.0,12144.0,2405491996,198076,33,12132.0,12145.0,1400-04-12
2021-07-04,12149.0,12152.0,12149.0,12151.0,2654980008,218491,21,12144.0,12152.0,1400-04-13
2021-07-05,12159.0,12159.0,12156.0,12157.0,2380994470,195851,17,12151.0,12159.0,1400-04-14
2021-07-06,12162.0,12242.0,12157.0,12217.0,58098521291,4755419,130,12157.0,12213.0,1400-04-15
2021-07-07,12228.0,12228.0,12225.0,12226.0,29741409952,2432624,69,12217.0,12228.0,1400-04-16
2021-07-10,12242.0,12245.0,12242.0,12242.0,14834596367,1211769,39,12226.0,12243.0,1400-04-19
2021-07-11,12252.0,12252.0,12249.0,12250.0,9754719945,796306,55,12242.0,12252.0,1400-04-20
2021-07-12,12256.0,12259.0,12256.0,12257.0,841992433,68693,26,12250.0,12256.0,1400-04-21
2021-07-13,12264.0,12267.0,12264.0,12265.0,2756413486,224733,34,12257.0,12264.0,1400-04-22
2021-07-14,12278.0,12278.0,12275.0,12276.0,6078114954,495112,33,12265.0,12275.0,1400-04-23
2021-07-17,12294.0,12294.0,12290.0,12290.0,39644521424,3225699,106,12276.0,12290.0,1400-04-26
2021-07-18,12297.0,12297.0,12295.0,12296.0,10266378049,834915,34,12290.0,12297.0,1400-04-27
2021-07-19,12305.0,12305.0,12303.0,12304.0,5877013166,477645,43,12296.0,12305.0,1400-04-28
2021-07-26,12346.0,12349.0,12344.0,12347.0,36678303163,2970634,67,12304.0,12349.0,1400-05-04
2021-07-27,12355.0,12355.0,12353.0,12354.0,9649357463,781048,81,12347.0,12355.0,1400-05-05
2021-07-28,12362.0,12362.0,12360.0,12362.0,28152274745,2277352,108,12354.0,12362.0,1400-05-06
2021-07-31,12381.0,12381.0,12370.0,12380.0,80004577836,6462501,212,12362.0,12379.0,1400-05-09
2021-08-01,12386.0,12398.0,12385.0,12387.0,36533101148,2949242,114,12380.0,12398.0,1400-05-10
2021-08-02,12395.0,12400.0,12394.0,12396.0,12074944382,974086,76,12387.0,12396.0,1400-05-11
2021-08-03,12403.0,12730.0,12403.0,12406.0,78112446868,6296437,150,12396.0,12730.0,1400-05-12
2021-08-04,12415.0,12417.0,12410.0,12415.0,37059539130,2985044,154,12406.0,12417.0,1400-05-13
2021-08-07,12417.0,12431.0,12417.0,12429.0,16917358316,1361122,115,12415.0,12428.0,1400-05-16
2021-08-08,12438.0,12438.0,12436.0,12438.0,17671665144,1420797,104,12429.0,12438.0,1400-05-17
2021-08-09,12447.0,12472.0,12444.0,12468.0,76065379879,6101086,212,12438.0,12445.0,1400-05-18
2021-08-10,12475.0,12545.0,12474.0,12475.0,171615338820,13756372,353,12468.0,12510.0,1400-05-19
2021-08-11,12484.0,12530.0,12481.0,12487.0,9736288998,779722,141,12475.0,12514.0,1400-05-20
2021-08-14,12506.0,12620.0,12500.0,12560.0,16685414406,1328485,162,12487.0,12575.0,1400-05-23
2021-08-15,12565.0,12680.0,12545.0,12579.0,50147586136,3986746,248,12560.0,12588.0,1400-05-24
2021-08-22,12585.0,12585.0,12580.0,12583.0,27970920327,2222994,194,12579.0,12584.0,1400-05-31
2021-08-23,12590.0,12590.0,12586.0,12587.0,51775974670,4113372,201,12583.0,12590.0,1400-06-01
2021-08-24,12594.0,12595.0,12592.0,12593.0,191378953230,15196831,420,12587.0,12595.0,1400-06-02
2021-08-25,12600.0,12603.0,12600.0,12601.0,31455522397,2496347,178,12593.0,12603.0,1400-06-03
2021-08-28,12613.0,12624.0,12611.0,12622.0,79593396650,6305854,195,12601.0,12623.0,1400-06-06
2021-08-29,11450.0,12640.0,11450.0,12628.0,61248136117,4850309,202,12622.0,12634.0,1400-06-07
2021-08-30,12635.0,12637.0,12635.0,12637.0,20901044140,1653983,149,12628.0,12637.0,1400-06-08
2021-08-31,12644.0,12648.0,12644.0,12646.0,57964817782,4583532,218,12637.0,12648.0,1400-06-09
2021-09-01,12653.0,12656.0,12648.0,12654.0,73944797590,5843701,259,12646.0,12656.0,1400-06-10
2021-09-04,12673.0,12675.0,12672.0,12674.0,66240111015,5226640,306,12654.0,12675.0,1400-06-13
2021-09-05,12683.0,12683.0,12675.0,12680.0,91477576115,7214100,300,12674.0,12681.0,1400-06-14
2021-09-06,12681.0,12695.0,12681.0,12689.0,38789742048,3056997,208,12680.0,12689.0,1400-06-15
2021-09-07,12696.0,12700.0,12690.0,12695.0,353983062705,27882679,789,12689.0,12695.0,1400-06-16
2021-09-08,12703.0,12706.0,12695.0,12703.0,54402787560,4282698,324,12695.0,12705.0,1400-06-17
2021-09-11,12723.0,12723.0,12719.0,12720.0,184507581747,14504933,443,12703.0,12720.0,1400-06-20
2021-09-12,12726.0,12728.0,12726.0,12727.0,52548141206,4128874,337,12720.0,12728.0,1400-06-21
2021-09-13,12732.0,12735.0,12727.0,12732.0,99900871565,7846731,312,12727.0,12732.0,1400-06-22
2021-09-14,12738.0,12739.0,12732.0,12736.0,80791619296,6343620,314,12732.0,12736.0,1400-06-23
2021-09-15,12743.0,12747.0,12738.0,12742.0,94348511943,7404805,375,12736.0,12747.0,1400-06-24
2021-09-18,12762.0,12763.0,12750.0,12760.0,42920662906,3363679,237,12742.0,12763.0,1400-06-27
2021-09-19,12768.0,12768.0,12762.0,12765.0,139152052637,10901098,408,12760.0,12763.0,1400-06-28
2021-09-20,12771.0,12773.0,12766.0,12770.0,62877185554,4923851,272,12765.0,12773.0,1400-06-29
2021-09-21,12775.0,12778.0,12775.0,12776.0,71704022409,5612477,262,12770.0,12775.0,1400-06-30
2021-09-22,12782.0,12783.0,12779.0,12780.0,172503754003,13498258,422,12776.0,12783.0,1400-06-31
2021-09-25,12798.0,12833.0,12781.0,12821.0,360454808990,28115453,822,12780.0,12801.0,1400-07-03
2021-09-26,12825.0,12830.0,12820.0,12824.0,79413891373,6192375,339,12821.0,12827.0,1400-07-04
2021-09-28,12831.0,12834.0,12825.0,12831.0,64529897874,5029356,308,12824.0,12825.0,1400-07-06
2021-09-29,12836.0,12839.0,12831.0,12833.0,493145476949,38428874,934,12831.0,12832.0,1400-07-07
2021-10-02,12849.0,12855.0,12833.0,12844.0,328498966044,25576986,755,12833.0,12852.0,1400-07-10
2021-10-03,12854.0,12862.0,12845.0,12849.0,232894825423,18125594,525,12844.0,12853.0,1400-07-11
2021-10-04,12858.0,12869.0,12850.0,12854.0,165771824800,12896318,384,12849.0,12858.0,1400-07-12
2021-10-06,12865.0,12884.0,12857.0,12869.0,203129216910,15784503,405,12854.0,12865.0,1400-07-14
2021-10-09,12884.0,12906.0,12870.0,12893.0,117747354788,9132805,348,12869.0,12896.0,1400-07-17
2021-10-10,12901.0,12914.0,12896.0,12900.0,355260401155,27540103,658,12893.0,12902.0,1400-07-18
2021-10-11,12905.0,12921.0,12901.0,12904.0,144422977338,11192541,375,12900.0,12908.0,1400-07-19
2021-10-12,12909.0,12928.0,12905.0,12910.0,37670264599,2917836,182,12904.0,12911.0,1400-07-20
2021-10-13,12916.0,12936.0,12910.0,12921.0,89383416633,6917637,302,12910.0,12920.0,1400-07-21
2021-10-16,12930.0,12975.0,12922.0,12934.0,52876771700,4088123,233,12921.0,12940.0,1400-07-24
2021-10-17,12942.0,12980.0,12942.0,12951.0,31061235583,2398363,167,12934.0,12945.0,1400-07-25
2021-10-18,12958.0,12970.0,12952.0,12963.0,42364803650,3268142,189,12951.0,12957.0,1400-07-26
2021-10-19,12970.0,12981.0,12970.0,12972.0,63323534903,4881416,202,12963.0,12980.0,1400-07-27
2021-10-20,12976.0,12988.0,12973.0,12982.0,89756699297,6913941,278,12972.0,12984.0,1400-07-28
2021-10-23,12996.0,12997.0,12989.0,12990.0,213616209036,16444597,502,12982.0,12996.0,1400-08-01
2021-10-25,13006.0,13008.0,12995.0,12998.0,128186206129,9861791,343,12990.0,13008.0,1400-08-03
2021-10-26,13015.0,13015.0,13012.0,13013.0,26290716674,2020337,192,12998.0,13015.0,1400-08-04
2021-10-27,13020.0,13024.0,13014.0,13020.0,83673186098,6426693,276,13013.0,13021.0,1400-08-05
2021-10-30,13037.0,13039.0,13021.0,13023.0,364987453658,28025597,784,13020.0,13035.0,1400-08-08
2021-10-31,13045.0,13048.0,13023.0,13034.0,81905980953,6283997,329,13023.0,13048.0,1400-08-09
2021-11-01,13058.0,13062.0,13035.0,13050.0,117593994405,9011314,407,13034.0,13054.0,1400-08-10
2021-11-02,13062.0,13063.0,13051.0,13057.0,49629609122,3800964,224,13050.0,13061.0,1400-08-11
2021-11-03,13067.0,13098.0,13066.0,13071.0,106643185229,8158576,353,13057.0,13069.0,1400-08-12
2021-11-06,13085.0,13113.0,13072.0,13083.0,338102123059,25843540,740,13071.0,13085.0,1400-08-15
2021-11-07,13093.0,13120.0,13084.0,13100.0,144940377074,11064070,390,13083.0,13099.0,1400-08-16
2021-11-08,13102.0,13108.0,13100.0,13104.0,108604074725,8287998,287,13100.0,13106.0,1400-08-17
2021-11-09,13109.0,13120.0,13105.0,13108.0,131294106114,10016370,379,13104.0,13111.0,1400-08-18
2021-11-10,13118.0,13118.0,13108.0,13110.0,397949232039,30355001,749,13108.0,13115.0,1400-08-19
2021-11-13,13138.0,13172.0,13111.0,13141.0,299645633430,22801563,680,13110.0,13138.0,1400-08-22
2021-11-14,13146.0,13146.0,13142.0,13143.0,154880777286,11784190,394,13141.0,13142.0,1400-08-23
2021-11-15,13150.0,13153.0,13143.0,13144.0,692569862369,52689664,1200,13143.0,13151.0,1400-08-24
2021-11-16,13158.0,13160.0,13157.0,13159.0,51344529182,3901889,216,13144.0,13157.0,1400-08-25
2021-11-17,13165.0,13186.0,13165.0,13171.0,152784543452,11600149,401,13159.0,13167.0,1400-08-26
2021-11-20,13187.0,13187.0,13183.0,13184.0,38149332856,2893559,210,13171.0,13187.0,1400-08-29
2021-11-21,13196.0,13196.0,13185.0,13189.0,233087707597,17673479,523,13184.0,13196.0,1400-08-30
2021-11-22,13199.0,13202.0,13196.0,13198.0,167653665517,12703256,439,13189.0,13202.0,1400-09-01
2021-11-23,13208.0,13231.0,13190.0,13208.0,248878110888,18842824,531,13198.0,13210.0,1400-09-02
2021-11-24,13214.0,13218.0,13210.0,13216.0,329965453472,24966471,670,13208.0,13217.0,1400-09-03
2021-11-27,13237.0,13251.0,13216.0,13221.0,592529436176,44818746,1068,13216.0,13234.0,1400-09-06
2021-11-28,13240.0,13259.0,13240.0,13243.0,34046402522,2570993,188,13221.0,13243.0,1400-09-07
2021-11-29,13250.0,13255.0,13247.0,13249.0,190590937469,14384964,406,13243.0,13250.0,1400-09-08
2021-11-30,13255.0,13258.0,13250.0,13257.0,99003597777,7468258,287,13249.0,13258.0,1400-09-09
2021-12-01,13267.0,13270.0,13258.0,13265.0,44542276883,3357917,201,13257.0,13269.0,1400-09-10
2021-12-04,13282.0,13285.0,13266.0,13282.0,212336780223,15986908,503,13265.0,13282.0,1400-09-13
2021-12-05,13292.0,13305.0,13283.0,13293.0,37862062812,2848362,190,13282.0,13293.0,1400-09-14
2021-12-06,13298.0,13299.0,13296.0,13297.0,141965667315,10676506,251,13293.0,13297.0,1400-09-15
2021-12-07,13304.0,13305.0,13298.0,13301.0,76879201775,5780042,223,13297.0,13298.0,1400-09-16
2021-12-08,13317.0,13320.0,13302.0,13306.0,235297878075,17682982,463,13301.0,13320.0,1400-09-17
2021-12-11,13335.0,13353.0,13307.0,13317.0,274909790926,20643927,562,13306.0,13332.0,1400-09-20
2021-12-12,13340.0,13342.0,13318.0,13323.0,86881489149,6521318,240,13317.0,13340.0,1400-09-21
2021-12-13,13345.0,13356.0,13324.0,13343.0,108802810088,8154492,325,13323.0,13349.0,1400-09-22
2021-12-14,13355.0,13356.0,13344.0,13354.0,592495497752,44368494,1031,13343.0,13356.0,1400-09-23
2021-12-15,13367.0,13371.0,13354.0,13355.0,250044288024,18722712,360,13354.0,13365.0,1400-09-24
2021-12-18,13380.0,13386.0,13356.0,13374.0,176792898032,13219202,431,13355.0,13356.0,1400-09-27
2021-12-19,13388.0,13390.0,13387.0,13389.0,68864547290,5143448,259,13374.0,13387.0,1400-09-28
2021-12-20,13395.0,13397.0,13390.0,13394.0,300430162092,22430329,439,13389.0,13397.0,1400-09-29
2021-12-21,13401.0,13404.0,13393.0,13394.0,716843142498,53518105,1216,13394.0,13402.0,1400-09-30
2021-12-22,13416.0,13418.0,13415.0,13415.0,109228405400,8141997,346,13394.0,13418.0,1400-10-01
2021-12-25,13430.0,13449.0,13416.0,13430.0,244137609380,18178000,533,13415.0,13432.0,1400-10-04
2021-12-26,13439.0,13440.0,13431.0,13433.0,522590039993,38903295,951,13430.0,13440.0,1400-10-05
2021-12-27,13445.0,13506.0,13444.0,13449.0,131972474566,9812581,320,13433.0,13444.0,1400-10-06
2021-12-28,13458.0,13461.0,13450.0,13458.0,105717155751,7855388,291,13449.0,13458.0,1400-10-07
2021-12-29,13466.0,13468.0,13459.0,13463.0,71683897706,5324626,237,13458.0,13466.0,1400-10-08
2022-01-01,13480.0,13504.0,13463.0,13479.0,90233774437,6694441,320,13463.0,13479.0,1400-10-11
2022-01-02,13490.0,13490.0,13487.0,13488.0,26606499176,1972652,162,13479.0,13488.0,1400-10-12
2022-01-03,13493.0,13498.0,13489.0,13493.0,45640799437,3382524,160,13488.0,13495.0,1400-10-13
2022-01-04,13502.0,13503.0,13494.0,13502.0,217094144354,16078081,433,13493.0,13503.0,1400-10-14
2022-01-05,13502.0,13516.0,13502.0,13510.0,182801488910,13530556,385,13502.0,13514.0,1400-10-15
2022-01-08,13528.0,13531.0,13528.0,13528.0,62178157109,4596213,194,13510.0,13528.0,1400-10-18
2022-01-09,13537.0,13538.0,13530.0,13533.0,189821262195,14026809,379,13528.0,13538.0,1400-10-19
2022-01-10,13542.0,13545.0,13534.0,13540.0,132192467393,9763119,297,13533.0,13542.0,1400-10-20
2022-01-11,13550.0,13555.0,13550.0,13553.0,30304446755,2236060,136,13540.0,13555.0,1400-10-21
2022-01-12,13565.0,13571.0,13564.0,13567.0,110749327093,8163351,293,13553.0,13567.0,1400-10-22
2022-01-15,13578.0,13580.0,13569.0,13578.0,121588537363,8954892,292,13567.0,13578.0,1400-10-25
2022-01-16,13585.0,13590.0,13581.0,13584.0,168995226236,12440950,334,13578.0,13585.0,1400-10-26
2022-01-17,13592.0,13624.0,13585.0,13593.0,89527227837,6586069,239,13584.0,13595.0,1400-10-27
2022-01-18,13599.0,13604.0,13599.0,13602.0,212364385115,15613203,468,13593.0,13600.0,1400-10-28
2022-01-19,13616.0,13616.0,13603.0,13606.0,44142066115,3244263,185,13602.0,13606.0,1400-10-29
2022-01-22,13624.0,13627.0,13608.0,13621.0,164791878773,12097983,380,13606.0,13626.0,1400-11-02
2022-01-23,13636.0,13636.0,13623.0,13634.0,665199525545,48788326,896,13621.0,13633.0,1400-11-03
2022-01-24,13641.0,13644.0,13635.0,13640.0,125155403583,9175592,347,13634.0,13641.0,1400-11-04
2022-01-25,13647.0,13651.0,13647.0,13649.0,176507205934,12931688,348,13640.0,13647.0,1400-11-05
2022-01-26,13663.0,13669.0,13661.0,13664.0,411732600574,30132703,704,13649.0,13666.0,1400-11-06
2022-01-29,13675.0,13679.0,13672.0,13676.0,163177223314,11931344,328,13664.0,13675.0,1400-11-09
2022-01-30,13685.0,13687.0,13683.0,13685.0,401429547441,29333929,687,13676.0,13683.0,1400-11-10
2022-01-31,13695.0,13695.0,13692.0,13694.0,58099265495,4242783,188,13685.0,13692.0,1400-11-11
2022-02-01,13699.0,13702.0,13699.0,13700.0,34617546380,2526907,193,13694.0,13702.0,1400-11-12
2022-02-02,13706.0,13717.0,13706.0,13709.0,286336100372,20887317,502,13700.0,13714.0,1400-11-13
2022-02-05,13728.0,13730.0,13727.0,13728.0,267042597295,19452814,531,13709.0,13729.0,1400-11-16
2022-02-06,13736.0,13738.0,13735.0,13736.0,235949042597,17177023,422,13728.0,13735.0,1400-11-17
2022-02-07,13742.0,13745.0,13739.0,13741.0,110959841794,8075054,266,13736.0,13745.0,1400-11-18
2022-02-08,13749.0,13752.0,13749.0,13749.0,105027683505,7638838,295,13741.0,13750.0,1400-11-19
2022-02-09,13764.0,13767.0,13764.0,13764.0,230821017336,16769759,518,13749.0,13767.0,1400-11-20
2022-02-12,13778.0,13781.0,13778.0,13778.0,127718221194,9269550,297,13764.0,13778.0,1400-11-23
2022-02-13,13785.0,13788.0,13785.0,13786.0,61946043489,4493490,156,13778.0,13786.0,1400-11-24
2022-02-14,13798.0,13799.0,13796.0,13797.0,15178987092,1100202,91,13786.0,13799.0,1400-11-25
2022-02-16,13812.0,13815.0,13812.0,13813.0,51365955074,3718743,156,13797.0,13815.0,1400-11-27
2022-02-19,13830.0,13832.0,13829.0,13831.0,136503846540,9869095,273,13813.0,13832.0,1400-11-30
2022-02-20,13836.0,13839.0,13836.0,13838.0,159248989480,11508152,351,13831.0,13839.0,1400-12-01
2022-02-21,13844.0,13846.0,13843.0,13844.0,70485927508,5091478,205,13838.0,13843.0,1400-12-02
2022-02-22,13851.0,13854.0,13851.0,13853.0,289981428558,20932586,520,13844.0,13851.0,1400-12-03
2022-02-23,13865.0,13868.0,13865.0,13867.0,115952817860,8361765,274,13853.0,13868.0,1400-12-04
2022-02-26,13882.0,13883.0,13880.0,13881.0,46478919519,3348354,164,13867.0,13881.0,1400-12-07
2022-02-27,13887.0,13890.0,13887.0,13889.0,78523228178,5653496,192,13881.0,13887.0,1400-12-08
2022-02-28,13901.0,13938.0,13901.0,13903.0,51573766622,3709419,160,13889.0,13904.0,1400-12-09
2022-03-02,13909.0,13919.0,13909.0,13917.0,21849480227,1569979,112,13903.0,13917.0,1400-12-11
2022-03-05,13930.0,13933.0,13930.0,13930.0,166207417670,11931370,385,13917.0,13930.0,1400-12-14
2022-03-06,13938.0,13941.0,13938.0,13939.0,51149443095,3669537,222,13930.0,13938.0,1400-12-15
2022-03-07,13945.0,13948.0,13945.0,13945.0,193561555572,13879957,374,13939.0,13948.0,1400-12-16
2022-03-08,13954.0,13955.0,13951.0,13952.0,295924315364,21210336,392,13945.0,13955.0,1400-12-17
2022-03-09,13967.0,13970.0,13967.0,13967.0,127361115954,9118418,289,13952.0,13970.0,1400-12-18
2022-03-12,13982.0,13985.0,13982.0,13982.0,206448532188,14765204,387,13967.0,13983.0,1400-12-21
2022-03-13,13991.0,14040.0,13989.0,13990.0,373794360961,26718343,609,13982.0,13992.0,1400-12-22
2022-03-14,13999.0,13999.0,13995.0,13996.0,274022897545,19579019,488,13990.0,13996.0,1400-12-23
2022-03-15,14007.0,14007.0,14003.0,14005.0,69657250002,4973822,186,13996.0,14005.0,1400-12-24
2022-03-16,14020.0,14021.0,14017.0,14019.0,122147142897,8712860,311,14005.0,14021.0,1400-12-25
2022-03-19,14042.0,14070.0,14041.0,14065.0,33121830720,2354863,171,14019.0,14070.0,1400-12-28
2022-03-26,14052.0,14088.0,14052.0,14083.0,32891455384,2335511,184,14065.0,14084.0,1401-01-06
2022-03-27,14093.0,14149.0,14083.0,14099.0,324974639642,23048723,632,14083.0,14094.0,1401-01-07
2022-03-28,14101.0,14104.0,14101.0,14101.0,335959425720,23825051,596,14099.0,14103.0,1401-01-08
2022-03-29,14107.0,14163.0,14070.0,14102.0,161393304068,11445033,321,14101.0,14107.0,1401-01-09
2022-03-30,14117.0,14171.0,14114.0,14127.0,55925178675,3958614,193,14102.0,14124.0,1401-01-10
2022-04-03,14143.0,14146.0,14143.0,14143.0,86344327431,6104920,246,14127.0,14143.0,1401-01-14
2022-04-04,14151.0,14154.0,14151.0,14153.0,105824028716,7477043,294,14143.0,14152.0,1401-01-15
2022-04-05,14161.0,14161.0,14158.0,14160.0,15977240086,1128371,112,14153.0,14159.0,1401-01-16
2022-04-06,14173.0,14176.0,14173.0,14174.0,32957311439,2325181,135,14160.0,14176.0,1401-01-17
2022-04-09,14190.0,14191.0,14188.0,14190.0,13253270386,934018,118,14174.0,14190.0,1401-01-20
2022-04-10,14195.0,14198.0,14195.0,14196.0,20019215526,1410239,100,14190.0,14195.0,1401-01-21
2022-04-11,14204.0,14206.0,14203.0,14203.0,66788644280,4702278,184,14196.0,14204.0,1401-01-22
2022-04-12,14212.0,14213.0,14210.0,14211.0,39994756603,2814328,139,14203.0,14210.0,1401-01-23
2022-04-13,14225.0,14228.0,14224.0,14226.0,59853287534,4207437,177,14211.0,14228.0,1401-01-24
2022-04-16,14240.0,14243.0,14240.0,14242.0,113873579554,7995791,274,14226.0,14243.0,1401-01-27
2022-04-17,14249.0,14251.0,14247.0,14249.0,85180178813,5977836,177,14242.0,14247.0,1401-01-28
2022-04-18,14256.0,14258.0,14255.0,14256.0,58821633998,4126135,186,14249.0,14257.0,1401-01-29
2022-04-19,14262.0,14264.0,14262.0,14262.0,40513594008,2840632,169,14256.0,14262.0,1401-01-30
2022-04-20,14277.0,14280.0,14277.0,14279.0,123171877427,8626062,279,14262.0,14277.0,1401-01-31
2022-04-24,14302.0,14302.0,14300.0,14300.0,65519833370,4581733,209,14279.0,14302.0,1401-02-04
2022-04-25,14308.0,14310.0,14307.0,14307.0,343639770641,24018764,616,14300.0,14310.0,1401-02-05
2022-04-26,14318.0,14318.0,14315.0,14315.0,117035731050,8175691,319,14307.0,14317.0,1401-02-06
2022-04-27,14330.0,14333.0,14329.0,14330.0,470857564625,32858060,873,14315.0,14333.0,1401-02-07
2022-04-30,14347.0,14348.0,14345.0,14345.0,85219100596,5940604,254,14330.0,14348.0,1401-02-10
2022-05-01,14353.0,14355.0,14352.0,14352.0,760566210734,52992010,1181,14345.0,14355.0,1401-02-11
2022-05-02,14361.0,14363.0,14360.0,14360.0,410844893231,28609906,724,14352.0,14363.0,1401-02-12
2022-05-07,14391.0,14393.0,14390.0,14390.0,87177907081,6058164,269,14360.0,14390.0,1401-02-17
2022-05-08,14400.0,14403.0,14400.0,14402.0,121657535737,8447543,292,14390.0,14400.0,1401-02-18
2022-05-09,14411.0,14412.0,14409.0,14410.0,49198663403,3414178,175,14402.0,14410.0,1401-02-19
2022-05-10,14420.0,14423.0,14420.0,14421.0,108819492962,7545854,230,14410.0,14423.0,1401-02-20
2022-05-11,14436.0,14438.0,14435.0,14437.0,55070966195,3814616,176,14421.0,14437.0,1401-02-21
2022-05-14,14450.0,14480.0,14449.0,14456.0,303948044739,21026254,571,14437.0,14453.0,1401-02-24
2022-05-15,14461.0,14463.0,14457.0,14462.0,367054030522,25380424,643,14456.0,14460.0,1401-02-25
2022-05-16,14465.0,14468.0,14465.0,14467.0,102093535274,7057096,354,14462.0,14468.0,1401-02-26
2022-05-17,14475.0,14476.0,14471.0,14472.0,155467585989,10742967,365,14467.0,14473.0,1401-02-27
2022-05-18,14491.0,14494.0,14488.0,14492.0,485790768852,33521540,832,14472.0,14494.0,1401-02-28
2022-05-21,14505.0,14506.0,14500.0,14502.0,322727843063,22253678,632,14492.0,14506.0,1401-02-31
2022-05-22,14514.0,14514.0,14511.0,14511.0,190447482754,13124192,377,14502.0,14514.0,1401-03-01
2022-05-23,14521.0,14521.0,14518.0,14519.0,119482548267,8229657,309,14511.0,14518.0,1401-03-02
2022-05-24,14526.0,14529.0,14526.0,14528.0,102839236787,7078641,282,14519.0,14529.0,1401-03-03
2022-05-25,14547.0,14547.0,14544.0,14545.0,68129632881,4683989,251,14528.0,14547.0,1401-03-04
2022-05-28,14559.0,14562.0,14558.0,14560.0,84752810956,5820904,295,14545.0,14562.0,1401-03-07
2022-05-29,14567.0,14570.0,14567.0,14569.0,51052399044,3504292,209,14560.0,14570.0,1401-03-08
2022-05-30,14577.0,14579.0,14576.0,14579.0,355140309516,24360104,651,14569.0,14577.0,1401-03-09
2022-05-31,14585.0,14586.0,14583.0,14584.0,32686704385,2241223,263,14579.0,14583.0,1401-03-10
2022-06-01,14610.0,14613.0,14608.0,14611.0,461944718926,31616685,888,14584.0,14613.0,1401-03-11
2022-06-06,14626.0,14628.0,14623.0,14625.0,866003537076,59213297,1232,14611.0,14623.0,1401-03-16
2022-06-07,14638.0,14640.0,14635.0,14636.0,216789175608,14811856,493,14625.0,14639.0,1401-03-17
2022-06-08,14652.0,14656.0,14651.0,14653.0,422696385876,28847493,629,14636.0,14652.0,1401-03-18
2022-06-11,14665.0,14668.0,14665.0,14666.0,65383440161,4458300,284,14653.0,14666.0,1401-03-21
2022-06-12,14674.0,14676.0,14673.0,14674.0,436742010791,29762859,806,14666.0,14675.0,1401-03-22
2022-06-13,14681.0,14684.0,14680.0,14681.0,1186698018204,80829772,1819,14674.0,14682.0,1401-03-23
2022-06-14,14688.0,14691.0,14687.0,14688.0,554184716235,37730354,897,14681.0,14691.0,1401-03-24
2022-06-15,14704.0,14707.0,14701.0,14703.0,277314972534,18861684,576,14688.0,14707.0,1401-03-25
2022-06-18,14719.0,14721.0,14718.0,14720.0,133510739900,9070040,370,14703.0,14721.0,1401-03-28
2022-06-19,14727.0,14729.0,14726.0,14727.0,227819105466,15469785,519,14720.0,14729.0,1401-03-29
2022-06-20,14735.0,14737.0,14734.0,14734.0,85970477813,5834750,255,14727.0,14734.0,1401-03-30
2022-06-21,14745.0,14745.0,14742.0,14743.0,218775554220,14838901,481,14734.0,14745.0,1401-03-31
2022-06-22,14764.0,14765.0,14761.0,14763.0,134856790188,9134983,402,14743.0,14762.0,1401-04-01
2022-06-25,14774.0,14777.0,14774.0,14775.0,76187037592,5156347,275,14763.0,14774.0,1401-04-04
2022-06-26,14784.0,14785.0,14782.0,14783.0,492203810384,33295361,850,14775.0,14783.0,1401-04-05
2022-06-27,14790.0,14794.0,14790.0,14792.0,303889891295,20544001,525,14783.0,14790.0,1401-04-06
2022-06-28,14799.0,14801.0,14798.0,14799.0,415907367301,28103243,690,14792.0,14798.0,1401-04-07
2022-06-29,14820.0,14821.0,14818.0,14819.0,273808819509,18476936,483,14799.0,14821.0,1401-04-08
2022-07-02,14831.0,14833.0,14830.0,14830.0,180762202252,12188771,409,14819.0,14830.0,1401-04-11
2022-07-03,14840.0,14842.0,14839.0,14840.0,42207719879,2844277,207,14830.0,14840.0,1401-04-12
2022-07-04,14850.0,14850.0,14844.0,14847.0,113393318505,7637402,281,14840.0,14847.0,1401-04-13
2022-07-05,14857.0,14858.0,14855.0,14857.0,66965330187,4507475,244,14847.0,14856.0,1401-04-14
2022-07-06,14875.0,14877.0,14874.0,14875.0,152430758564,10247514,540,14857.0,14874.0,1401-04-15
2022-07-09,14892.0,14893.0,14890.0,14891.0,127965341785,8593269,419,14875.0,14893.0,1401-04-18
2022-07-11,14905.0,14906.0,14903.0,14904.0,206790675775,13874876,545,14891.0,14906.0,1401-04-20
2022-07-12,14914.0,14915.0,14912.0,14913.0,303384549628,20343806,578,14904.0,14915.0,1401-04-21
2022-07-13,14932.0,14935.0,14932.0,14934.0,216391490617,14490059,550,14913.0,14932.0,1401-04-22
2022-07-16,14947.0,14947.0,14944.0,14945.0,355988248759,23819957,870,14934.0,14945.0,1401-04-25
2022-07-17,14961.0,14963.0,14960.0,14961.0,228302919057,15259928,602,14945.0,14960.0,1401-04-26
2022-07-19,14970.0,14972.0,14969.0,14970.0,102010037638,6814500,393,14961.0,14972.0,1401-04-28
2022-07-20,14989.0,14991.0,14989.0,14990.0,72940262759,4866052,371,14970.0,14991.0,1401-04-29
2022-07-23,15004.0,15004.0,15001.0,15001.0,141937811117,9461628,623,14990.0,15003.0,1401-05-01
2022-07-24,15010.0,15012.0,15009.0,15010.0,124030268923,8263225,466,15001.0,15009.0,1401-05-02
2022-07-25,15021.0,15021.0,15018.0,15019.0,269317063509,17931242,670,15010.0,15021.0,1401-05-03
2022-07-26,15027.0,15029.0,15026.0,15028.0,348937127921,23218961,738,15019.0,15029.0,1401-05-04
2022-07-27,15046.0,15049.0,15046.0,15047.0,197414084592,13119937,584,15028.0,15049.0,1401-05-05
2022-07-30,15061.0,15062.0,15059.0,15059.0,145339961827,9651053,512,15047.0,15059.0,1401-05-08
2022-07-31,15068.0,15070.0,15067.0,15067.0,496002652038,32919410,930,15059.0,15067.0,1401-05-09
2022-08-01,15078.0,15078.0,15075.0,15076.0,164207641628,10892047,408,15067.0,15078.0,1401-05-10
2022-08-02,15085.0,15086.0,15083.0,15085.0,149785241097,9929608,423,15076.0,15083.0,1401-05-11
2022-08-03,15105.0,15107.0,15102.0,15104.0,232151243938,15369884,530,15085.0,15104.0,1401-05-12
2022-08-06,15123.0,15126.0,15123.0,15124.0,177809923812,11756754,445,15104.0,15124.0,1401-05-15
2022-08-09,15141.0,15144.0,15141.0,15142.0,186488625292,12316240,497,15124.0,15142.0,1401-05-18
2022-08-10,15162.0,15165.0,15162.0,15163.0,173239164286,11424754,463,15142.0,15165.0,1401-05-19
2022-08-13,15174.0,15177.0,15174.0,15175.0,117954605230,7773187,430,15163.0,15174.0,1401-05-22
2022-08-14,15182.0,15185.0,15182.0,15183.0,104667071165,6893833,327,15175.0,15182.0,1401-05-23
2022-08-15,15192.0,15194.0,15190.0,15192.0,153316449689,10092109,405,15183.0,15192.0,1401-05-24
2022-08-16,15199.0,15201.0,15198.0,15199.0,130271152313,8570771,399,15192.0,15200.0,1401-05-25
2022-08-17,15219.0,15222.0,15219.0,15220.0,133341554007,8761212,375,15199.0,15219.0,1401-05-26
2022-08-20,15232.0,15235.0,15232.0,15232.0,114413963650,7511247,419,15220.0,15235.0,1401-05-29
2022-08-21,15243.0,15243.0,15240.0,15241.0,78686638598,5162894,311,15232.0,15242.0,1401-05-30
2022-08-22,15248.0,15251.0,15248.0,15249.0,69244289443,4540907,348,15241.0,15248.0,1401-05-31
2022-08-23,15260.0,15260.0,15257.0,15257.0,501488525288,32868959,927,15249.0,15258.0,1401-06-01
2022-08-24,15278.0,15281.0,15278.0,15278.0,515345072042,33730588,804,15257.0,15281.0,1401-06-02
2022-08-27,15292.0,15293.0,15290.0,15291.0,323624809170,21164669,564,15278.0,15291.0,1401-06-05
2022-08-28,15300.0,15301.0,15298.0,15299.0,215166781845,14063725,363,15291.0,15301.0,1401-06-06
2022-08-29,15310.0,15310.0,15307.0,15307.0,115190851447,7525167,409,15299.0,15310.0,1401-06-07
2022-08-30,15315.0,15318.0,15315.0,15316.0,240147925428,15679480,515,15307.0,15315.0,1401-06-08
2022-08-31,15336.0,15338.0,15334.0,15336.0,164277284938,10712135,409,15316.0,15337.0,1401-06-09
2022-09-03,15349.0,15352.0,15349.0,15350.0,126986773583,8272963,478,15336.0,15349.0,1401-06-12
2022-09-04,15359.0,15360.0,15357.0,15358.0,131818164630,8583278,408,15350.0,15358.0,1401-06-13
2022-09-05,15365.0,15368.0,15365.0,15365.0,129093357200,8401696,375,15358.0,15365.0,1401-06-14
2022-09-06,15375.0,15377.0,15374.0,15376.0,691546637974,44975975,1092,15365.0,15375.0,1401-06-15
2022-09-07,15394.0,15397.0,15394.0,15395.0,211076723423,13710513,516,15376.0,15397.0,1401-06-16
