jdate,value,date
1387-09-15,1282.3,2008-12-05
1387-09-16,1280.5,2008-12-06
1387-09-17,1279.8,2008-12-07
1387-09-18,1269.9,2008-12-08
1387-09-20,1269.9,2008-12-10
1387-09-23,1271.3,2008-12-13
1387-09-24,1271.5,2008-12-14
1387-09-25,1271.5,2008-12-15
1387-09-26,1271.0,2008-12-16
1387-09-30,1271.0,2008-12-20
1387-10-01,1268.0,2008-12-21
1387-10-02,1265.2,2008-12-22
1387-10-03,1265.9,2008-12-23
1387-10-04,1344.9,2008-12-24
1387-10-07,1365.1,2008-12-27
1387-10-08,1357.6,2008-12-28
1387-10-09,1364.0,2008-12-29
1387-10-10,1361.6,2008-12-30
1387-10-11,1355.1,2008-12-31
1387-10-14,1354.3,2009-01-03
1387-10-15,1351.1,2009-01-04
1387-10-16,1346.1,2009-01-05
1387-10-21,1335.0,2009-01-10
1387-10-22,1325.7,2009-01-11
1387-10-23,1318.0,2009-01-12
1387-10-24,1302.5,2009-01-13
1387-10-25,1298.2,2009-01-14
1387-10-28,1283.1,2009-01-17
1387-10-29,1264.3,2009-01-18
1387-10-30,1266.9,2009-01-19
1387-11-01,1267.0,2009-01-20
1387-11-02,1270.6,2009-01-21
1387-11-05,1273.5,2009-01-24
1387-11-06,1286.5,2009-01-25
1387-11-07,1295.1,2009-01-26
1387-11-08,1292.2,2009-01-27
1387-11-09,1285.8,2009-01-28
1387-11-12,1286.1,2009-01-31
1387-11-13,1285.7,2009-02-01
1387-11-14,1280.9,2009-02-02
1387-11-15,1279.4,2009-02-03
1387-11-16,1282.3,2009-02-04
1387-11-19,1271.7,2009-02-07
1387-11-20,1272.8,2009-02-08
1387-11-21,1269.0,2009-02-09
1387-11-23,1268.9,2009-02-11
1387-11-26,1268.8,2009-02-14
1387-11-27,1265.3,2009-02-15
1387-11-29,1261.1,2009-02-17
1387-11-30,1261.1,2009-02-18
1387-12-03,1239.4,2009-02-21
1387-12-04,1242.4,2009-02-22
1387-12-05,1244.2,2009-02-23
1387-12-07,1241.5,2009-02-25
1387-12-10,1235.5,2009-02-28
1387-12-11,1222.8,2009-03-01
1387-12-12,1216.6,2009-03-02
1387-12-13,1208.7,2009-03-03
1387-12-14,1209.5,2009-03-04
1387-12-17,1211.5,2009-03-07
1387-12-18,1212.3,2009-03-08
1387-12-19,1224.5,2009-03-09
1387-12-20,1229.8,2009-03-10
1387-12-21,1231.2,2009-03-11
1387-12-24,1231.3,2009-03-14
1387-12-26,1228.3,2009-03-16
1387-12-27,1225.2,2009-03-17
1387-12-28,1225.2,2009-03-18
1388-01-05,1225.1,2009-03-25
1388-01-08,1225.1,2009-03-28
1388-01-09,1112.6,2009-03-29
1388-01-10,1120.3,2009-03-30
1388-01-11,1130.5,2009-03-31
1388-01-15,1131.3,2009-04-04
1388-01-16,1132.0,2009-04-05
1388-01-17,1153.0,2009-04-06
1388-01-18,1165.8,2009-04-07
1388-01-19,1183.0,2009-04-08
1388-01-22,1201.2,2009-04-11
1388-01-23,1205.9,2009-04-12
1388-01-24,1200.1,2009-04-13
1388-01-25,1200.4,2009-04-14
1388-01-26,1200.6,2009-04-15
1388-01-29,1209.7,2009-04-18
1388-01-30,1215.9,2009-04-19
1388-01-31,1218.0,2009-04-20
1388-02-01,1229.4,2009-04-21
1388-02-02,1236.5,2009-04-22
1388-02-05,1244.1,2009-04-25
1388-02-06,1243.9,2009-04-26
1388-02-07,1251.8,2009-04-27
1388-02-08,1253.0,2009-04-28
1388-02-09,1252.0,2009-04-29
1388-02-12,1234.6,2009-05-02
1388-02-13,1248.3,2009-05-03
1388-02-14,1239.0,2009-05-04
1388-02-15,1237.7,2009-05-05
1388-02-16,1232.6,2009-05-06
1388-02-19,1245.4,2009-05-09
1388-02-20,1245.4,2009-05-10
1388-02-21,1245.4,2009-05-11
1388-02-22,1324.8,2009-05-12
1388-02-23,1324.7,2009-05-13
1388-02-26,1307.9,2009-05-16
1388-02-27,1307.9,2009-05-17
1388-02-28,1301.6,2009-05-18
1388-02-29,1301.6,2009-05-19
1388-02-30,1268.0,2009-05-20
1388-03-02,1280.1,2009-05-23
1388-03-03,1280.1,2009-05-24
1388-03-04,1280.8,2009-05-25
1388-03-05,1270.7,2009-05-26
1388-03-06,1268.1,2009-05-27
1388-03-09,1268.1,2009-05-30
1388-03-10,1269.7,2009-05-31
1388-03-11,1269.6,2009-06-01
1388-03-12,1269.6,2009-06-02
1388-03-13,1268.1,2009-06-03
1388-03-16,1267.3,2009-06-06
1388-03-17,1266.3,2009-06-07
1388-03-18,1267.3,2009-06-08
1388-03-19,1270.8,2009-06-09
1388-03-20,1272.6,2009-06-10
1388-03-23,1276.7,2009-06-13
1388-03-24,1276.0,2009-06-14
1388-03-25,1275.9,2009-06-15
1388-03-26,1276.9,2009-06-16
1388-03-27,1290.8,2009-06-17
1388-03-30,1305.0,2009-06-20
1388-03-31,1302.6,2009-06-21
1388-04-01,1305.9,2009-06-22
1388-04-02,1301.2,2009-06-23
1388-04-03,1301.1,2009-06-24
1388-04-06,1300.2,2009-06-27
1388-04-07,1300.2,2009-06-28
1388-04-08,1298.3,2009-06-29
1388-04-09,1298.6,2009-06-30
1388-04-10,1305.2,2009-07-01
1388-04-13,1304.1,2009-07-04
1388-04-14,1304.1,2009-07-05
1388-04-16,1301.7,2009-07-07
1388-04-20,1288.7,2009-07-11
1388-04-21,1303.9,2009-07-12
1388-04-22,1291.3,2009-07-13
1388-04-23,1290.2,2009-07-14
1388-04-24,1290.4,2009-07-15
1388-04-25,1290.4,2009-07-16
1388-04-27,1281.7,2009-07-18
1388-04-28,1285.7,2009-07-19
1388-04-30,1285.7,2009-07-21
1388-04-31,1286.5,2009-07-22
1388-05-03,1286.5,2009-07-25
1388-05-04,1289.1,2009-07-26
1388-05-05,1201.5,2009-07-27
1388-05-06,1198.4,2009-07-28
1388-05-07,1194.2,2009-07-29
1388-05-10,1187.8,2009-08-01
1388-05-11,1192.7,2009-08-02
1388-05-12,1193.2,2009-08-03
1388-05-13,1203.0,2009-08-04
1388-05-14,1211.8,2009-08-05
1388-05-17,1223.8,2009-08-08
1388-05-18,1223.8,2009-08-09
1388-05-19,1218.7,2009-08-10
1388-05-20,1216.6,2009-08-11
1388-05-21,1217.1,2009-08-12
1388-05-24,1218.6,2009-08-15
1388-05-25,1218.9,2009-08-16
1388-05-26,1230.2,2009-08-17
1388-05-27,1232.7,2009-08-18
1388-05-28,1232.7,2009-08-19
1388-05-31,1232.7,2009-08-22
1388-06-01,1232.7,2009-08-23
1388-06-02,1232.7,2009-08-24
1388-06-03,1232.7,2009-08-25
1388-06-04,1232.7,2009-08-26
1388-06-07,1239.0,2009-08-29
1388-06-08,1241.0,2009-08-30
1388-06-09,1241.0,2009-08-31
1388-06-10,1247.7,2009-09-01
1388-06-11,1254.5,2009-09-02
1388-06-14,1264.6,2009-09-05
1388-06-15,1264.6,2009-09-06
1388-06-16,1264.6,2009-09-07
1388-06-17,1264.6,2009-09-08
1388-06-18,1264.6,2009-09-09
1388-06-21,1264.6,2009-09-12
1388-06-22,1263.1,2009-09-13
1388-06-23,1262.2,2009-09-14
1388-06-24,1205.9,2009-09-15
1388-06-25,1212.5,2009-09-16
1388-06-28,1215.1,2009-09-19
1388-06-29,1215.1,2009-09-20
1388-06-30,1215.9,2009-09-21
1388-06-31,1217.0,2009-09-22
1388-07-01,1217.0,2009-09-23
1388-07-04,1217.2,2009-09-26
1388-07-05,1218.5,2009-09-27
1388-07-06,1220.1,2009-09-28
1388-07-07,1220.1,2009-09-29
1388-07-08,1220.1,2009-09-30
1388-07-11,1215.0,2009-10-03
1388-07-12,1230.9,2009-10-04
1388-07-13,1230.3,2009-10-05
1388-07-14,1252.0,2009-10-06
1388-07-15,1262.1,2009-10-07
1388-07-18,1275.3,2009-10-10
1388-07-19,1280.3,2009-10-11
1388-07-20,1300.0,2009-10-12
1388-07-21,1316.7,2009-10-13
1388-07-25,1333.7,2009-10-17
1388-07-26,1366.2,2009-10-18
1388-07-27,1392.6,2009-10-19
1388-07-28,1409.6,2009-10-20
1388-07-29,1429.8,2009-10-21
1388-08-02,1438.2,2009-10-24
1388-08-03,1442.2,2009-10-25
1388-08-04,1446.5,2009-10-26
1388-08-05,1452.8,2009-10-27
1388-08-06,1475.4,2009-10-28
1388-08-09,1485.6,2009-10-31
1388-08-10,1497.4,2009-11-01
1388-08-11,1503.1,2009-11-02
1388-08-12,1490.1,2009-11-03
1388-08-13,1489.6,2009-11-04
1388-08-16,1497.0,2009-11-07
1388-08-17,1497.4,2009-11-08
1388-08-18,1496.3,2009-11-09
1388-08-19,1493.8,2009-11-10
1388-08-20,1493.8,2009-11-11
1388-08-23,1482.2,2009-11-14
1388-08-24,1480.0,2009-11-15
1388-08-25,1487.8,2009-11-16
1388-08-26,1487.8,2009-11-17
1388-08-27,1488.0,2009-11-18
1388-08-30,1488.1,2009-11-21
1388-09-01,1471.7,2009-11-22
1388-09-02,1455.6,2009-11-23
1388-09-03,1455.5,2009-11-24
1388-09-04,1447.4,2009-11-25
1388-09-08,1447.4,2009-11-29
1388-09-09,1446.6,2009-11-30
1388-09-10,1446.6,2009-12-01
1388-09-11,1446.1,2009-12-02
1388-09-14,1447.2,2009-12-05
1388-09-16,1445.9,2009-12-07
1388-09-17,1444.3,2009-12-08
1388-09-18,1443.6,2009-12-09
1388-09-21,1443.6,2009-12-12
1388-09-22,1422.6,2009-12-13
1388-09-23,1422.5,2009-12-14
1388-09-24,1420.7,2009-12-15
1388-09-25,1405.3,2009-12-16
1388-09-28,1405.4,2009-12-19
1388-09-29,1405.9,2009-12-20
1388-09-30,1405.9,2009-12-21
1388-10-01,1405.9,2009-12-22
1388-10-02,1397.3,2009-12-23
1388-10-07,1395.8,2009-12-28
1388-10-08,1395.8,2009-12-29
1388-10-09,1375.0,2009-12-30
1388-10-12,1365.3,2010-01-02
1388-10-13,1353.8,2010-01-03
1388-10-14,1338.8,2010-01-04
1388-10-15,1338.8,2010-01-05
1388-10-16,1339.1,2010-01-06
1388-10-19,1325.1,2010-01-09
1388-10-20,1326.5,2010-01-10
1388-10-21,1334.3,2010-01-11
1388-10-22,1322.8,2010-01-12
1388-10-23,1326.5,2010-01-13
1388-10-26,1326.5,2010-01-16
1388-10-27,1326.5,2010-01-17
1388-10-28,1313.1,2010-01-18
1388-10-29,1313.1,2010-01-19
1388-10-30,1313.1,2010-01-20
1388-11-03,1313.1,2010-01-23
1388-11-04,1313.1,2010-01-24
1388-11-05,1313.1,2010-01-25
1388-11-06,1301.1,2010-01-26
1388-11-07,1313.6,2010-01-27
1388-11-10,1321.7,2010-01-30
1388-11-11,1320.8,2010-01-31
1388-11-12,1320.8,2010-02-01
1388-11-13,1321.5,2010-02-02
1388-11-14,1321.5,2010-02-03
1388-11-17,1321.5,2010-02-06
1388-11-18,1265.8,2010-02-07
1388-11-19,1269.1,2010-02-08
1388-11-20,1289.3,2010-02-09
1388-11-21,1291.1,2010-02-10
1388-11-25,1299.5,2010-02-14
1388-11-27,1313.6,2010-02-16
1388-11-28,1334.6,2010-02-17
1388-12-01,1341.9,2010-02-20
1388-12-02,1358.5,2010-02-21
1388-12-03,1373.4,2010-02-22
1388-12-04,1374.7,2010-02-23
1388-12-05,1349.3,2010-02-24
1388-12-08,1333.9,2010-02-27
1388-12-09,1333.5,2010-02-28
1388-12-10,1342.1,2010-03-01
1388-12-11,1335.7,2010-03-02
1388-12-12,1338.7,2010-03-03
1388-12-15,1338.7,2010-03-06
1388-12-16,1338.7,2010-03-07
1388-12-17,1338.7,2010-03-08
1388-12-18,1338.7,2010-03-09
1388-12-19,1338.7,2010-03-10
1388-12-22,1336.3,2010-03-13
1388-12-23,1334.3,2010-03-14
1388-12-24,1334.3,2010-03-15
1388-12-25,1334.3,2010-03-16
1388-12-26,1334.3,2010-03-17
1389-01-07,1334.3,2010-03-27
1389-01-08,1334.3,2010-03-28
1389-01-09,1334.3,2010-03-29
1389-01-10,1334.3,2010-03-30
1389-01-11,1334.3,2010-03-31
1389-01-14,1329.9,2010-04-03
1389-01-15,1329.5,2010-04-04
1389-01-16,1329.5,2010-04-05
1389-01-17,1329.5,2010-04-06
1389-01-18,1328.0,2010-04-07
1389-01-21,1326.7,2010-04-10
1389-01-22,1326.7,2010-04-11
1389-01-23,1326.0,2010-04-12
1389-01-24,1326.0,2010-04-13
1389-01-25,1326.0,2010-04-14
1389-01-28,1324.9,2010-04-17
1389-01-29,1324.9,2010-04-18
1389-01-30,1382.5,2010-04-19
1389-01-31,1354.2,2010-04-20
1389-02-01,1335.8,2010-04-21
1389-02-04,1330.0,2010-04-24
1389-02-05,1327.1,2010-04-25
1389-02-06,1328.0,2010-04-26
1389-02-07,1323.4,2010-04-27
1389-02-08,1321.2,2010-04-28
1389-02-11,1321.2,2010-05-01
1389-02-12,1321.2,2010-05-02
1389-02-13,1321.2,2010-05-03
1389-02-14,1321.2,2010-05-04
1389-02-15,1323.6,2010-05-05
1389-02-18,1324.8,2010-05-08
1389-02-19,1323.2,2010-05-09
1389-02-20,1323.0,2010-05-10
1389-02-21,1312.3,2010-05-11
1389-02-22,1307.1,2010-05-12
1389-02-25,1305.1,2010-05-15
1389-02-26,1295.7,2010-05-16
1389-02-28,1307.8,2010-05-18
1389-02-29,1320.6,2010-05-19
1389-03-01,1334.7,2010-05-22
1389-03-02,1334.3,2010-05-23
1389-03-03,1345.8,2010-05-24
1389-03-04,1338.8,2010-05-25
1389-03-05,1337.7,2010-05-26
1389-03-08,1342.4,2010-05-29
1389-03-09,1342.6,2010-05-30
1389-03-10,1346.7,2010-05-31
1389-03-11,1345.5,2010-06-01
1389-03-12,1344.3,2010-06-02
1389-03-16,1345.5,2010-06-06
1389-03-17,1345.1,2010-06-07
1389-03-18,1334.7,2010-06-08
1389-03-19,1327.8,2010-06-09
1389-03-22,1316.9,2010-06-12
1389-03-23,1317.2,2010-06-13
1389-03-24,1319.6,2010-06-14
1389-03-25,1324.7,2010-06-15
1389-03-26,1328.6,2010-06-16
1389-03-29,1328.2,2010-06-19
1389-03-30,1327.8,2010-06-20
1389-03-31,1328.3,2010-06-21
1389-04-01,1328.3,2010-06-22
1389-04-02,1331.5,2010-06-23
1389-04-06,1334.1,2010-06-27
1389-04-07,1319.4,2010-06-28
1389-04-08,1309.4,2010-06-29
1389-04-09,1294.8,2010-06-30
1389-04-12,1294.8,2010-07-03
1389-04-13,1295.9,2010-07-04
1389-04-14,1297.0,2010-07-05
1389-04-15,1310.7,2010-07-06
1389-04-16,1317.3,2010-07-07
1389-04-20,1317.3,2010-07-11
1389-04-21,1327.7,2010-07-12
1389-04-22,1325.7,2010-07-13
1389-04-23,1314.2,2010-07-14
1389-04-26,1315.7,2010-07-17
1389-04-27,1329.4,2010-07-18
1389-04-28,1344.0,2010-07-19
1389-04-29,1346.5,2010-07-20
1389-04-30,1341.9,2010-07-21
1389-05-02,1342.4,2010-07-24
1389-05-03,1348.1,2010-07-25
1389-05-04,1346.0,2010-07-26
1389-05-06,1346.0,2010-07-28
1389-05-09,1338.4,2010-07-31
1389-05-10,1336.8,2010-08-01
1389-05-11,1336.9,2010-08-02
1389-05-12,1343.2,2010-08-03
1389-05-13,1345.2,2010-08-04
1389-05-16,1362.3,2010-08-07
1389-05-17,1374.2,2010-08-08
1389-05-18,1389.4,2010-08-09
1389-05-19,1404.5,2010-08-10
1389-05-20,1389.6,2010-08-11
1389-05-23,1395.3,2010-08-14
1389-05-24,1415.1,2010-08-15
1389-05-25,1414.2,2010-08-16
1389-05-26,1404.5,2010-08-17
1389-05-27,1398.8,2010-08-18
1389-05-30,1391.3,2010-08-21
1389-05-31,1391.3,2010-08-22
1389-06-01,1408.1,2010-08-23
1389-06-02,1424.6,2010-08-24
1389-06-03,1454.4,2010-08-25
1389-06-06,1451.4,2010-08-28
1389-06-07,1456.8,2010-08-29
1389-06-08,1466.7,2010-08-30
1389-06-09,1490.4,2010-08-31
1389-06-13,1500.9,2010-09-04
1389-06-14,1518.5,2010-09-05
1389-06-15,1517.8,2010-09-06
1389-06-16,1507.1,2010-09-07
1389-06-17,1518.2,2010-09-08
1389-06-21,1517.1,2010-09-12
1389-06-22,1498.1,2010-09-13
1389-06-23,1503.5,2010-09-14
1389-06-24,1501.8,2010-09-15
1389-06-27,1501.3,2010-09-18
1389-06-28,1502.6,2010-09-19
1389-06-29,1502.6,2010-09-20
1389-06-30,1497.2,2010-09-21
1389-06-31,1482.3,2010-09-22
1389-07-03,1470.8,2010-09-25
1389-07-04,1483.2,2010-09-26
1389-07-05,1497.8,2010-09-27
1389-07-06,1514.0,2010-09-28
1389-07-07,1517.5,2010-09-29
1389-07-10,1527.2,2010-10-02
1389-07-11,1542.6,2010-10-03
1389-07-13,1541.6,2010-10-05
1389-07-14,1555.6,2010-10-06
1389-07-17,1559.5,2010-10-09
1389-07-18,1574.9,2010-10-10
1389-07-19,1596.5,2010-10-11
1389-07-20,1596.0,2010-10-12
1389-07-21,1595.6,2010-10-13
1389-07-24,1583.8,2010-10-16
1389-07-25,1566.5,2010-10-17
1389-07-26,1556.5,2010-10-18
1389-07-27,1555.2,2010-10-19
1389-07-28,1552.5,2010-10-20
1389-08-01,1552.3,2010-10-23
1389-08-02,1552.3,2010-10-24
1389-08-03,1552.3,2010-10-25
1389-08-04,1552.3,2010-10-26
1389-08-05,1552.3,2010-10-27
1389-08-08,1552.3,2010-10-30
1389-08-09,1551.7,2010-10-31
1389-08-10,1551.7,2010-11-01
1389-08-11,1551.6,2010-11-02
1389-08-12,1551.6,2010-11-03
1389-08-15,1551.6,2010-11-06
1389-08-16,1545.1,2010-11-07
1389-08-17,1545.1,2010-11-08
1389-08-18,1545.1,2010-11-09
1389-08-19,1545.1,2010-11-10
1389-08-22,1545.1,2010-11-13
1389-08-23,1545.1,2010-11-14
1389-08-24,1542.2,2010-11-15
1389-08-25,1542.2,2010-11-16
1389-08-29,1539.7,2010-11-20
1389-08-30,1533.4,2010-11-21
1389-09-01,1501.1,2010-11-22
1389-09-02,1499.9,2010-11-23
1389-09-03,1499.9,2010-11-24
1389-09-06,1499.9,2010-11-27
1389-09-07,1501.0,2010-11-28
1389-09-08,1504.6,2010-11-29
1389-09-09,1442.8,2010-11-30
1389-09-10,1442.8,2010-12-01
1389-09-13,1443.4,2010-12-04
1389-09-14,1447.6,2010-12-05
1389-09-15,1448.1,2010-12-06
1389-09-16,1430.7,2010-12-07
1389-09-17,1418.0,2010-12-08
1389-09-20,1418.0,2010-12-11
1389-09-21,1405.4,2010-12-12
1389-09-22,1407.9,2010-12-13
1389-09-23,1413.2,2010-12-14
1389-09-27,1417.5,2010-12-18
1389-09-28,1415.5,2010-12-19
1389-09-29,1413.7,2010-12-20
1389-09-30,1410.6,2010-12-21
1389-10-01,1410.6,2010-12-22
1389-10-04,1410.6,2010-12-25
1389-10-05,1408.1,2010-12-26
1389-10-06,1403.9,2010-12-27
1389-10-07,1397.4,2010-12-28
1389-10-08,1383.8,2010-12-29
1389-10-11,1381.8,2011-01-01
1389-10-12,1377.9,2011-01-02
1389-10-13,1362.0,2011-01-03
1389-10-14,1364.5,2011-01-04
1389-10-15,1364.6,2011-01-05
1389-10-18,1364.6,2011-01-08
1389-10-19,1370.7,2011-01-09
1389-10-20,1372.8,2011-01-10
1389-10-21,1377.5,2011-01-11
1389-10-22,1365.0,2011-01-12
1389-10-25,1349.8,2011-01-15
1389-10-26,1340.6,2011-01-16
1389-10-27,1332.3,2011-01-17
1389-10-28,1328.9,2011-01-18
1389-10-29,1305.9,2011-01-19
1389-11-02,1327.5,2011-01-22
1389-11-03,1338.5,2011-01-23
1389-11-04,1363.3,2011-01-24
1389-11-06,1398.3,2011-01-26
1389-11-09,1410.0,2011-01-29
1389-11-10,1422.4,2011-01-30
1389-11-11,1440.4,2011-01-31
1389-11-12,1448.6,2011-02-01
1389-11-16,1501.6,2011-02-05
1389-11-17,1490.2,2011-02-06
1389-11-18,1483.5,2011-02-07
1389-11-19,1475.1,2011-02-08
1389-11-20,1457.5,2011-02-09
1389-11-23,1459.5,2011-02-12
1389-11-24,1478.7,2011-02-13
1389-11-25,1471.1,2011-02-14
1389-11-26,1468.6,2011-02-15
1389-11-27,1468.3,2011-02-16
1389-11-30,1464.2,2011-02-19
1389-12-01,1468.7,2011-02-20
1389-12-03,1466.9,2011-02-22
1389-12-04,1466.0,2011-02-23
1389-12-07,1473.5,2011-02-26
1389-12-08,1472.9,2011-02-27
1389-12-09,1471.7,2011-02-28
1389-12-10,1467.8,2011-03-01
1389-12-11,1442.6,2011-03-02
1389-12-14,1437.0,2011-03-05
1389-12-15,1436.2,2011-03-06
1389-12-16,1433.0,2011-03-07
1389-12-17,1419.9,2011-03-08
1389-12-18,1419.9,2011-03-09
1389-12-21,1417.3,2011-03-12
1389-12-22,1417.3,2011-03-13
1389-12-23,1393.9,2011-03-14
1389-12-24,1394.5,2011-03-15
1389-12-25,1390.4,2011-03-16
1389-12-28,1393.5,2011-03-19
1390-01-06,1392.2,2011-03-26
1390-01-07,1396.1,2011-03-27
1390-01-08,1398.1,2011-03-28
1390-01-09,1413.9,2011-03-29
1390-01-10,1430.4,2011-03-30
1390-01-14,1431.0,2011-04-03
1390-01-15,1450.5,2011-04-04
1390-01-16,1477.5,2011-04-05
1390-01-17,1492.2,2011-04-06
1390-01-20,1517.9,2011-04-09
1390-01-21,1558.3,2011-04-10
1390-01-22,1601.8,2011-04-11
1390-01-23,1576.5,2011-04-12
1390-01-24,1546.2,2011-04-13
1390-01-27,1535.2,2011-04-16
1390-01-28,1543.9,2011-04-17
1390-01-29,1556.7,2011-04-18
1390-01-30,1558.4,2011-04-19
1390-01-31,1560.4,2011-04-20
1390-02-03,1560.4,2011-04-23
1390-02-04,1562.6,2011-04-24
1390-02-05,1586.3,2011-04-25
1390-02-06,1584.1,2011-04-26
1390-02-07,1584.1,2011-04-27
1390-02-10,1580.4,2011-04-30
1390-02-11,1567.0,2011-05-01
1390-02-12,1568.7,2011-05-02
1390-02-13,1577.6,2011-05-03
1390-02-14,1582.6,2011-05-04
1390-02-18,1564.8,2011-05-08
1390-02-19,1513.5,2011-05-09
1390-02-20,1513.1,2011-05-10
1390-02-21,1513.4,2011-05-11
1390-02-24,1513.4,2011-05-14
1390-02-25,1513.4,2011-05-15
1390-02-26,1513.2,2011-05-16
1390-02-27,1513.2,2011-05-17
1390-02-28,1467.2,2011-05-18
1390-02-31,1454.4,2011-05-21
1390-03-01,1446.6,2011-05-22
1390-03-02,1449.5,2011-05-23
1390-03-03,1454.1,2011-05-24
1390-03-04,1454.1,2011-05-25
1390-03-07,1453.6,2011-05-28
1390-03-08,1442.5,2011-05-29
1390-03-09,1442.5,2011-05-30
1390-03-10,1443.4,2011-05-31
1390-03-16,1451.0,2011-06-06
1390-03-17,1464.3,2011-06-07
1390-03-18,1478.1,2011-06-08
1390-03-21,1492.5,2011-06-11
1390-03-22,1484.6,2011-06-12
1390-03-23,1470.0,2011-06-13
1390-03-24,1468.8,2011-06-14
1390-03-25,1480.2,2011-06-15
1390-03-28,1480.2,2011-06-18
1390-03-29,1480.2,2011-06-19
1390-03-30,1479.8,2011-06-20
1390-03-31,1479.8,2011-06-21
1390-04-01,1479.8,2011-06-22
1390-04-04,1479.8,2011-06-25
1390-04-05,1479.8,2011-06-26
1390-04-06,1479.8,2011-06-27
1390-04-07,1479.8,2011-06-28
1390-04-08,1469.5,2011-06-29
1390-04-11,1481.7,2011-07-02
1390-04-12,1481.9,2011-07-03
1390-04-13,1481.9,2011-07-04
1390-04-14,1485.5,2011-07-05
1390-04-15,1491.9,2011-07-06
1390-04-18,1501.6,2011-07-09
1390-04-19,1491.8,2011-07-10
1390-04-20,1484.6,2011-07-11
1390-04-21,1484.6,2011-07-12
1390-04-22,1483.1,2011-07-13
1390-04-25,1482.4,2011-07-16
1390-04-27,1482.4,2011-07-18
1390-04-28,1482.4,2011-07-19
1390-04-29,1482.4,2011-07-20
1390-05-01,1474.4,2011-07-23
1390-05-02,1484.9,2011-07-24
1390-05-03,1498.2,2011-07-25
1390-05-04,1498.2,2011-07-26
1390-05-05,1498.2,2011-07-27
1390-05-08,1489.8,2011-07-30
1390-05-09,1494.1,2011-07-31
1390-05-10,1496.0,2011-08-01
1390-05-11,1485.6,2011-08-02
1390-05-12,1485.6,2011-08-03
1390-05-15,1472.0,2011-08-06
1390-05-16,1458.7,2011-08-07
1390-05-17,1459.2,2011-08-08
1390-05-18,1473.9,2011-08-09
1390-05-19,1490.8,2011-08-10
1390-05-22,1495.5,2011-08-13
1390-05-23,1496.4,2011-08-14
1390-05-24,1496.5,2011-08-15
1390-05-25,1506.5,2011-08-16
1390-05-26,1522.9,2011-08-17
1390-05-29,1533.2,2011-08-20
1390-05-30,1550.7,2011-08-21
1390-06-01,1569.0,2011-08-23
1390-06-02,1578.8,2011-08-24
1390-06-05,1550.9,2011-08-27
1390-06-06,1543.1,2011-08-28
1390-06-07,1537.9,2011-08-29
1390-06-08,1549.8,2011-08-30
1390-06-12,1553.7,2011-09-03
1390-06-13,1580.1,2011-09-04
1390-06-14,1603.4,2011-09-05
1390-06-15,1623.6,2011-09-06
1390-06-16,1640.6,2011-09-07
1390-06-19,1662.6,2011-09-10
1390-06-20,1687.8,2011-09-11
1390-06-21,1721.9,2011-09-12
1390-06-22,1723.3,2011-09-13
1390-06-23,1725.5,2011-09-14
1390-06-26,1726.5,2011-09-17
1390-06-27,1726.1,2011-09-18
1390-06-28,1726.1,2011-09-19
1390-06-29,1726.1,2011-09-20
1390-06-30,1726.1,2011-09-21
1390-07-03,1726.1,2011-09-25
1390-07-04,1726.1,2011-09-26
1390-07-05,1726.1,2011-09-27
1390-07-06,1726.1,2011-09-28
1390-07-09,1725.4,2011-10-01
1390-07-10,1724.8,2011-10-02
1390-07-11,1724.6,2011-10-03
1390-07-12,1724.6,2011-10-04
1390-07-13,1723.6,2011-10-05
1390-07-16,1723.6,2011-10-08
1390-07-17,1723.6,2011-10-09
1390-07-18,1899.4,2011-10-10
1390-07-19,1939.6,2011-10-11
1390-07-20,1924.2,2011-10-12
1390-07-23,1906.5,2011-10-15
1390-07-24,1903.3,2011-10-16
1390-07-25,1898.9,2011-10-17
1390-07-26,1895.0,2011-10-18
1390-07-27,1891.0,2011-10-19
1390-07-30,1878.2,2011-10-22
1390-08-01,1887.6,2011-10-23
1390-08-02,1888.1,2011-10-24
1390-08-03,1927.4,2011-10-25
1390-08-04,1971.0,2011-10-26
1390-08-07,2018.3,2011-10-29
1390-08-08,2015.2,2011-10-30
1390-08-09,1973.3,2011-10-31
1390-08-10,1968.6,2011-11-01
1390-08-11,1968.2,2011-11-02
1390-08-14,2014.8,2011-11-05
1390-08-15,2013.7,2011-11-06
1390-08-17,2007.4,2011-11-08
1390-08-18,2038.3,2011-11-09
1390-08-21,2063.7,2011-11-12
1390-08-22,2135.9,2011-11-13
1390-08-23,2115.2,2011-11-14
1390-08-25,2112.8,2011-11-16
1390-08-28,2114.6,2011-11-19
1390-08-29,2115.6,2011-11-20
1390-08-30,2089.4,2011-11-21
1390-09-01,2067.3,2011-11-22
1390-09-02,2038.9,2011-11-23
1390-09-05,2015.2,2011-11-26
1390-09-06,2037.5,2011-11-27
1390-09-07,2013.1,2011-11-28
1390-09-08,1991.9,2011-11-29
1390-09-09,1977.7,2011-11-30
1390-09-12,1978.8,2011-12-03
1390-09-13,1987.2,2011-12-04
1390-09-16,2010.0,2011-12-07
1390-09-19,2034.3,2011-12-10
1390-09-20,2012.0,2011-12-11
1390-09-21,1985.2,2011-12-12
1390-09-22,2005.6,2011-12-13
1390-09-23,1995.2,2011-12-14
1390-09-26,1983.1,2011-12-17
1390-09-27,1992.1,2011-12-18
1390-09-28,1901.5,2011-12-19
1390-09-29,1888.4,2011-12-20
1390-09-30,1881.4,2011-12-21
1390-10-03,1911.4,2011-12-24
1390-10-04,1918.7,2011-12-25
1390-10-05,1899.3,2011-12-26
1390-10-06,1859.8,2011-12-27
1390-10-07,1878.9,2011-12-28
1390-10-10,1865.2,2011-12-31
1390-10-11,1857.6,2012-01-01
1390-10-12,1842.9,2012-01-02
1390-10-13,1785.3,2012-01-03
1390-10-14,1807.9,2012-01-04
1390-10-17,1944.5,2012-01-07
1390-10-18,1925.3,2012-01-08
1390-10-19,1912.1,2012-01-09
1390-10-20,1890.4,2012-01-10
1390-10-21,1826.6,2012-01-11
1390-10-25,1838.8,2012-01-15
1390-10-26,1832.9,2012-01-16
1390-10-27,1795.1,2012-01-17
1390-10-28,1786.5,2012-01-18
1390-11-01,1817.5,2012-01-21
1390-11-03,1803.6,2012-01-23
1390-11-05,1807.1,2012-01-25
1390-11-08,1823.6,2012-01-28
1390-11-09,1839.1,2012-01-29
1390-11-10,1824.0,2012-01-30
1390-11-11,1779.3,2012-01-31
1390-11-12,1769.8,2012-02-01
1390-11-15,1766.1,2012-02-04
1390-11-16,1759.7,2012-02-05
1390-11-17,1758.4,2012-02-06
1390-11-18,1748.2,2012-02-07
1390-11-19,1732.7,2012-02-08
1390-11-23,1707.4,2012-02-12
1390-11-24,1688.0,2012-02-13
1390-11-25,1678.1,2012-02-14
1390-11-26,1663.4,2012-02-15
1390-11-29,1670.8,2012-02-18
1390-11-30,1697.9,2012-02-19
1390-12-01,1742.2,2012-02-20
1390-12-02,1782.2,2012-02-21
1390-12-03,1796.0,2012-02-22
1390-12-06,1772.5,2012-02-25
1390-12-07,1738.2,2012-02-26
1390-12-08,1752.6,2012-02-27
1390-12-09,1725.5,2012-02-28
1390-12-10,1710.1,2012-02-29
1390-12-13,1694.3,2012-03-03
1390-12-14,1699.5,2012-03-04
1390-12-15,1696.9,2012-03-05
1390-12-16,1674.5,2012-03-06
1390-12-17,1688.0,2012-03-07
1390-12-20,1691.7,2012-03-10
1390-12-21,1696.8,2012-03-11
1390-12-22,1743.3,2012-03-12
1390-12-23,1702.8,2012-03-13
1390-12-24,1706.5,2012-03-14
1390-12-27,1708.6,2012-03-17
1390-12-28,1772.9,2012-03-18
1391-01-05,1786.1,2012-03-24
1391-01-06,1778.8,2012-03-25
1391-01-07,1766.1,2012-03-26
1391-01-08,1774.7,2012-03-27
1391-01-09,1779.2,2012-03-28
1391-01-14,1785.0,2012-04-02
1391-01-15,1779.5,2012-04-03
1391-01-16,1779.0,2012-04-04
1391-01-19,1749.3,2012-04-07
1391-01-20,1747.8,2012-04-08
1391-01-21,1745.3,2012-04-09
1391-01-22,1721.9,2012-04-10
1391-01-23,1721.5,2012-04-11
1391-01-26,1723.1,2012-04-14
1391-01-27,1727.6,2012-04-15
1391-01-28,1719.0,2012-04-16
1391-01-29,1716.8,2012-04-17
1391-01-30,1716.8,2012-04-18
1391-02-02,1710.5,2012-04-21
1391-02-03,1709.4,2012-04-22
1391-02-04,1709.1,2012-04-23
1391-02-05,1709.1,2012-04-24
1391-02-09,1709.1,2012-04-28
1391-02-10,1707.5,2012-04-29
1391-02-11,1705.7,2012-04-30
1391-02-12,1703.9,2012-05-01
1391-02-13,1703.9,2012-05-02
1391-02-16,1695.2,2012-05-05
1391-02-17,1685.9,2012-05-06
1391-02-18,1678.9,2012-05-07
1391-02-19,1682.8,2012-05-08
1391-02-20,1694.9,2012-05-09
1391-02-23,1704.0,2012-05-12
1391-02-24,1685.6,2012-05-13
1391-02-25,1647.4,2012-05-14
1391-02-26,1648.3,2012-05-15
1391-02-27,1647.3,2012-05-16
1391-02-30,1664.7,2012-05-19
1391-02-31,1685.2,2012-05-20
1391-03-01,1770.0,2012-05-21
1391-03-02,1797.9,2012-05-22
1391-03-03,1783.8,2012-05-23
1391-03-06,1722.0,2012-05-26
1391-03-07,1736.0,2012-05-27
1391-03-08,1751.6,2012-05-28
1391-03-09,1776.0,2012-05-29
1391-03-10,1792.0,2012-05-30
1391-03-13,1792.0,2012-06-02
1391-03-16,1788.5,2012-06-05
1391-03-17,1764.1,2012-06-06
1391-03-20,1729.2,2012-06-09
1391-03-21,1724.9,2012-06-10
1391-03-22,1728.4,2012-06-11
1391-03-23,1728.2,2012-06-12
1391-03-24,1729.4,2012-06-13
1391-03-27,1696.5,2012-06-16
1391-03-28,1695.0,2012-06-17
1391-03-30,1695.0,2012-06-19
1391-03-31,1694.3,2012-06-20
1391-04-03,1684.8,2012-06-23
1391-04-04,1683.5,2012-06-24
1391-04-05,1674.0,2012-06-25
1391-04-06,1668.9,2012-06-26
1391-04-07,1668.9,2012-06-27
1391-04-10,1659.4,2012-06-30
1391-04-11,1659.5,2012-07-01
1391-04-12,1659.5,2012-07-02
1391-04-13,1659.5,2012-07-03
1391-04-14,1663.5,2012-07-04
1391-04-17,1663.5,2012-07-07
1391-04-18,1661.7,2012-07-08
1391-04-19,1669.2,2012-07-09
1391-04-20,1669.0,2012-07-10
1391-04-21,1660.0,2012-07-11
1391-04-24,1661.0,2012-07-14
1391-04-25,1660.6,2012-07-15
1391-04-26,1660.6,2012-07-16
1391-04-27,1660.6,2012-07-17
1391-04-28,1660.6,2012-07-18
1391-04-31,1660.6,2012-07-21
1391-05-01,1679.8,2012-07-22
1391-05-02,1684.3,2012-07-23
1391-05-03,1705.6,2012-07-24
1391-05-04,1724.9,2012-07-25
1391-05-07,1744.3,2012-07-28
1391-05-08,1740.9,2012-07-29
1391-05-09,1740.3,2012-07-30
1391-05-10,1716.2,2012-07-31
1391-05-11,1705.5,2012-08-01
1391-05-14,1705.5,2012-08-04
1391-05-15,1705.5,2012-08-05
1391-05-16,1705.5,2012-08-06
1391-05-17,1705.5,2012-08-07
1391-05-18,1705.5,2012-08-08
1391-05-21,1734.2,2012-08-11
1391-05-22,1733.6,2012-08-12
1391-05-23,1728.4,2012-08-13
1391-05-24,1728.4,2012-08-14
1391-05-25,1724.7,2012-08-15
1391-05-28,1724.7,2012-08-18
1391-05-31,1715.9,2012-08-21
1391-06-01,1715.1,2012-08-22
1391-06-04,1716.2,2012-08-25
1391-06-05,1714.0,2012-08-26
1391-06-06,1714.0,2012-08-27
1391-06-12,1713.2,2012-09-02
1391-06-13,1711.1,2012-09-03
1391-06-14,1711.1,2012-09-04
1391-06-15,1710.4,2012-09-05
1391-06-18,1700.0,2012-09-08
1391-06-19,1696.1,2012-09-09
1391-06-20,1709.3,2012-09-10
1391-06-21,1728.1,2012-09-11
1391-06-25,1704.0,2012-09-15
1391-06-26,1705.7,2012-09-16
1391-06-27,1703.7,2012-09-17
1391-06-28,1724.5,2012-09-18
1391-06-29,1723.5,2012-09-19
1391-07-01,1740.6,2012-09-22
1391-07-02,1716.8,2012-09-23
1391-07-03,1741.2,2012-09-24
1391-07-04,1792.7,2012-09-25
1391-07-05,1858.9,2012-09-26
1391-07-08,1905.3,2012-09-29
1391-07-09,1980.6,2012-09-30
1391-07-10,2007.0,2012-10-01
1391-07-11,2008.0,2012-10-02
1391-07-12,2029.7,2012-10-03
1391-07-15,2057.3,2012-10-06
1391-07-16,2025.8,2012-10-07
1391-07-17,1995.6,2012-10-08
1391-07-18,2025.7,2012-10-09
1391-07-19,2051.6,2012-10-10
1391-07-22,2060.1,2012-10-13
1391-07-23,2089.1,2012-10-14
1391-07-24,2123.5,2012-10-15
1391-07-25,2111.8,2012-10-16
1391-07-26,2185.6,2012-10-17
1391-07-29,2207.0,2012-10-20
1391-07-30,2206.1,2012-10-21
1391-08-01,2188.7,2012-10-22
1391-08-02,2206.4,2012-10-23
1391-08-03,2242.5,2012-10-24
1391-08-06,2262.4,2012-10-27
1391-08-07,2224.8,2012-10-28
1391-08-08,2188.0,2012-10-29
1391-08-09,2163.3,2012-10-30
1391-08-10,2168.1,2012-10-31
1391-08-14,2196.0,2012-11-04
1391-08-15,2189.3,2012-11-05
1391-08-16,2186.7,2012-11-06
1391-08-17,2218.5,2012-11-07
1391-08-20,2250.6,2012-11-10
1391-08-21,2249.8,2012-11-11
1391-08-22,2273.6,2012-11-12
1391-08-23,2275.7,2012-11-13
1391-08-24,2244.5,2012-11-14
1391-08-27,2236.6,2012-11-17
1391-08-28,2199.0,2012-11-18
1391-08-29,2206.5,2012-11-19
1391-08-30,2206.3,2012-11-20
1391-09-01,2205.5,2012-11-21
1391-09-06,2213.5,2012-11-26
1391-09-07,2249.6,2012-11-27
1391-09-08,2285.8,2012-11-28
1391-09-11,2292.7,2012-12-01
1391-09-12,2300.5,2012-12-02
1391-09-13,2259.5,2012-12-03
1391-09-14,2254.5,2012-12-04
1391-09-15,2101.6,2012-12-05
1391-09-18,2065.6,2012-12-08
1391-09-19,2059.1,2012-12-09
1391-09-20,2049.4,2012-12-10
1391-09-21,2028.1,2012-12-11
1391-09-22,1964.1,2012-12-12
1391-09-25,1980.2,2012-12-15
1391-09-26,1949.2,2012-12-16
1391-09-27,1925.7,2012-12-17
1391-09-28,1888.4,2012-12-18
1391-09-29,1923.1,2012-12-19
1391-10-02,1908.6,2012-12-22
1391-10-03,1894.0,2012-12-23
1391-10-04,1840.0,2012-12-24
1391-10-05,1827.3,2012-12-25
1391-10-06,1866.3,2012-12-26
1391-10-09,1886.7,2012-12-29
1391-10-10,1927.2,2012-12-30
1391-10-11,1932.5,2012-12-31
1391-10-12,1963.2,2013-01-01
1391-10-13,2036.3,2013-01-02
1391-10-17,2105.6,2013-01-06
1391-10-18,2055.0,2013-01-07
1391-10-19,2077.5,2013-01-08
1391-10-20,2053.9,2013-01-09
1391-10-24,1975.1,2013-01-13
1391-10-25,1941.2,2013-01-14
1391-10-26,1931.4,2013-01-15
1391-10-27,1932.3,2013-01-16
1391-10-30,1964.2,2013-01-19
1391-11-01,1964.2,2013-01-20
1391-11-02,1990.1,2013-01-21
1391-11-03,1972.7,2013-01-22
1391-11-04,1989.5,2013-01-23
1391-11-07,1985.9,2013-01-26
1391-11-08,1889.5,2013-01-27
1391-11-09,1850.3,2013-01-28
1391-11-11,1845.9,2013-01-30
1391-11-14,1811.7,2013-02-02
1391-11-15,1781.4,2013-02-03
1391-11-16,1761.1,2013-02-04
1391-11-17,1779.0,2013-02-05
1391-11-18,1802.7,2013-02-06
1391-11-21,1850.5,2013-02-09
1391-11-23,1908.4,2013-02-11
1391-11-24,1980.1,2013-02-12
1391-11-25,2059.2,2013-02-13
1391-11-28,2135.8,2013-02-16
1391-11-29,2188.1,2013-02-17
1391-11-30,2233.9,2013-02-18
1391-12-01,2256.1,2013-02-19
1391-12-02,2227.5,2013-02-20
1391-12-05,2219.6,2013-02-23
1391-12-06,2193.9,2013-02-24
1391-12-07,2165.4,2013-02-25
1391-12-08,2118.5,2013-02-26
1391-12-09,2105.2,2013-02-27
1391-12-12,2111.5,2013-03-02
1391-12-13,2111.7,2013-03-03
1391-12-14,2113.1,2013-03-04
1391-12-15,2118.4,2013-03-05
1391-12-16,2093.1,2013-03-06
1391-12-19,2070.0,2013-03-09
1391-12-20,2056.6,2013-03-10
1391-12-21,2049.8,2013-03-11
1391-12-22,2049.8,2013-03-12
1391-12-23,2055.3,2013-03-13
1391-12-26,2035.4,2013-03-16
1391-12-27,2038.7,2013-03-17
1391-12-28,2065.4,2013-03-18
1392-01-05,2084.1,2013-03-25
1392-01-06,2084.1,2013-03-26
1392-01-07,2084.6,2013-03-27
1392-01-10,2084.6,2013-03-30
1392-01-11,2101.5,2013-03-31
1392-01-14,2115.0,2013-04-03
1392-01-17,2143.9,2013-04-06
1392-01-18,2171.6,2013-04-07
1392-01-19,2195.3,2013-04-08
1392-01-20,2175.4,2013-04-09
1392-01-21,2183.6,2013-04-10
1392-01-24,2156.5,2013-04-13
1392-01-26,2184.8,2013-04-15
1392-01-27,2188.0,2013-04-16
1392-01-28,2191.2,2013-04-17
1392-01-31,2194.4,2013-04-20
1392-02-01,2212.2,2013-04-21
1392-02-02,2300.2,2013-04-22
1392-02-03,2360.6,2013-04-23
1392-02-04,2396.4,2013-04-24
1392-02-07,2415.1,2013-04-27
1392-02-08,2445.6,2013-04-28
1392-02-09,2476.0,2013-04-29
1392-02-10,2521.2,2013-04-30
1392-02-11,2602.3,2013-05-01
1392-02-14,2670.7,2013-05-04
1392-02-15,2670.4,2013-05-05
1392-02-16,2749.1,2013-05-06
1392-02-17,2850.6,2013-05-07
1392-02-18,2885.8,2013-05-08
1392-02-21,2922.4,2013-05-11
1392-02-22,2954.6,2013-05-12
1392-02-23,2918.3,2013-05-13
1392-02-24,2918.5,2013-05-14
1392-02-25,2871.1,2013-05-15
1392-02-28,2839.4,2013-05-18
1392-02-29,2799.3,2013-05-19
1392-02-30,2875.8,2013-05-20
1392-02-31,2918.0,2013-05-21
1392-03-01,3029.2,2013-05-22
1392-03-04,3111.6,2013-05-25
1392-03-05,3125.6,2013-05-26
1392-03-06,3140.8,2013-05-27
1392-03-07,3158.6,2013-05-28
1392-03-08,3177.1,2013-05-29
1392-03-11,3697.4,2013-06-01
1392-03-12,3637.4,2013-06-02
1392-03-13,3675.3,2013-06-03
1392-03-18,3805.9,2013-06-08
1392-03-19,3807.6,2013-06-09
1392-03-20,3785.7,2013-06-10
1392-03-21,3905.2,2013-06-11
1392-03-22,4018.5,2013-06-12
1392-03-25,4138.8,2013-06-15
1392-03-26,4228.2,2013-06-16
1392-03-27,4162.4,2013-06-17
1392-03-28,4150.4,2013-06-18
1392-03-29,4298.0,2013-06-19
1392-04-01,4466.8,2013-06-22
1392-04-02,4645.6,2013-06-23
1392-04-04,4727.4,2013-06-25
1392-04-05,4835.6,2013-06-26
1392-04-08,5006.5,2013-06-29
1392-04-09,5169.3,2013-06-30
1392-04-10,5291.0,2013-07-01
1392-04-11,5382.4,2013-07-02
1392-04-12,5586.2,2013-07-03
1392-04-15,5783.4,2013-07-06
1392-04-16,5903.8,2013-07-07
1392-04-17,6045.7,2013-07-08
1392-04-18,5987.4,2013-07-09
1392-04-19,5904.6,2013-07-10
1392-04-22,5834.8,2013-07-13
1392-04-23,5711.2,2013-07-14
1392-04-24,5770.8,2013-07-15
1392-04-25,5637.7,2013-07-16
1392-04-26,5542.5,2013-07-17
1392-04-29,5440.1,2013-07-20
1392-04-30,5441.0,2013-07-21
1392-04-31,5441.0,2013-07-22
1392-05-01,5441.0,2013-07-23
1392-05-02,5441.0,2013-07-24
1392-05-05,5441.0,2013-07-27
1392-05-06,5641.6,2013-07-28
1392-05-07,5775.6,2013-07-29
1392-05-09,5915.1,2013-07-31
1392-05-12,6468.4,2013-08-03
1392-05-13,6671.1,2013-08-04
1392-05-14,6930.9,2013-08-05
1392-05-15,7138.3,2013-08-06
1392-05-16,7152.8,2013-08-07
1392-05-20,7119.9,2013-08-11
1392-05-21,7183.4,2013-08-12
1392-05-22,7004.6,2013-08-13
1392-05-23,7173.1,2013-08-14
1392-05-26,7426.6,2013-08-17
1392-05-27,7450.0,2013-08-18
1392-05-28,7517.1,2013-08-19
1392-05-29,7591.5,2013-08-20
1392-05-30,7865.4,2013-08-21
1392-06-02,7777.3,2013-08-24
1392-06-03,7467.7,2013-08-25
1392-06-04,7297.0,2013-08-26
1392-06-05,7216.8,2013-08-27
1392-06-06,7080.6,2013-08-28
1392-06-09,7029.7,2013-08-31
1392-06-10,7174.6,2013-09-01
1392-06-12,6943.5,2013-09-03
1392-06-13,6747.3,2013-09-04
1392-06-16,6547.3,2013-09-07
1392-06-17,6446.0,2013-09-08
1392-06-18,6477.6,2013-09-09
1392-06-19,6734.3,2013-09-10
1392-06-20,6876.6,2013-09-11
1392-06-23,6763.0,2013-09-14
1392-06-24,6882.5,2013-09-15
1392-06-25,7024.2,2013-09-16
1392-06-26,7169.6,2013-09-17
1392-06-27,7322.2,2013-09-18
1392-06-30,7470.3,2013-09-21
1392-06-31,7209.4,2013-09-22
1392-07-01,7385.8,2013-09-23
1392-07-02,7622.6,2013-09-24
1392-07-03,7902.4,2013-09-25
1392-07-06,8022.1,2013-09-28
1392-07-07,8170.9,2013-09-29
1392-07-08,8132.8,2013-09-30
1392-07-09,8032.6,2013-10-01
1392-07-10,7818.3,2013-10-02
1392-07-13,7756.6,2013-10-05
1392-07-14,7646.8,2013-10-06
1392-07-15,7935.9,2013-10-07
1392-07-16,7910.6,2013-10-08
1392-07-17,7907.4,2013-10-09
1392-07-20,7997.8,2013-10-12
1392-07-21,7962.6,2013-10-13
1392-07-22,7811.9,2013-10-14
1392-07-23,7666.3,2013-10-15
1392-07-27,7706.8,2013-10-19
1392-07-28,7716.7,2013-10-20
1392-07-29,7860.0,2013-10-21
1392-07-30,7892.9,2013-10-22
1392-08-01,7892.9,2013-10-23
1392-08-04,7892.9,2013-10-26
1392-08-05,7892.9,2013-10-27
1392-08-06,7892.9,2013-10-28
1392-08-07,7892.9,2013-10-29
1392-08-08,7892.9,2013-10-30
1392-08-11,9700.2,2013-11-02
1392-08-12,10074.9,2013-11-03
1392-08-13,10441.7,2013-11-04
1392-08-14,10774.9,2013-11-05
1392-08-15,10729.3,2013-11-06
1392-08-18,10722.6,2013-11-09
1392-08-19,10813.7,2013-11-10
1392-08-20,10932.4,2013-11-11
1392-08-21,11030.4,2013-11-12
1392-08-25,11084.6,2013-11-16
1392-08-26,11223.6,2013-11-17
1392-08-27,11249.0,2013-11-18
1392-08-28,11181.3,2013-11-19
1392-08-29,11848.8,2013-11-20
1392-09-02,11893.5,2013-11-23
1392-09-03,11854.6,2013-11-24
1392-09-04,11868.2,2013-11-25
1392-09-05,12117.6,2013-11-26
1392-09-06,12535.6,2013-11-27
1392-09-09,12675.1,2013-11-30
1392-09-10,13135.3,2013-12-01
1392-09-11,13232.6,2013-12-02
1392-09-12,13599.7,2013-12-03
1392-09-13,13762.0,2013-12-04
1392-09-16,14107.5,2013-12-07
1392-09-17,14311.0,2013-12-08
1392-09-18,14077.0,2013-12-09
1392-09-19,14061.7,2013-12-10
1392-09-20,13951.5,2013-12-11
1392-09-23,14234.8,2013-12-14
1392-09-24,14484.3,2013-12-15
1392-09-25,14120.1,2013-12-16
1392-09-26,13864.2,2013-12-17
1392-09-27,13568.2,2013-12-18
1392-09-30,13461.9,2013-12-21
1392-10-01,13738.4,2013-12-22
1392-10-03,14230.1,2013-12-24
1392-10-04,14284.8,2013-12-25
1392-10-07,14545.0,2013-12-28
1392-10-08,14582.3,2013-12-29
1392-10-09,14380.7,2013-12-30
1392-10-11,14016.7,2014-01-01
1392-10-14,13896.7,2014-01-04
1392-10-15,13629.5,2014-01-05
1392-10-16,13557.6,2014-01-06
1392-10-17,13934.1,2014-01-07
1392-10-18,14160.3,2014-01-08
1392-10-21,14412.2,2014-01-11
1392-10-22,14240.5,2014-01-12
1392-10-23,14122.7,2014-01-13
1392-10-24,14149.9,2014-01-14
1392-10-25,13885.8,2014-01-15
1392-10-28,13654.9,2014-01-18
1392-10-30,13504.0,2014-01-20
1392-11-01,13297.9,2014-01-21
1392-11-02,13256.9,2014-01-22
1392-11-05,13250.9,2014-01-25
1392-11-06,13222.5,2014-01-26
1392-11-07,13208.6,2014-01-27
1392-11-08,12990.9,2014-01-28
1392-11-09,12847.8,2014-01-29
1392-11-12,13067.7,2014-02-01
1392-11-13,12989.9,2014-02-02
1392-11-14,12964.5,2014-02-03
1392-11-15,12777.9,2014-02-04
1392-11-16,12740.9,2014-02-05
1392-11-19,12740.9,2014-02-08
1392-11-20,12740.0,2014-02-09
1392-11-21,12737.4,2014-02-10
1392-11-23,12737.4,2014-02-12
1392-11-26,12734.9,2014-02-15
1392-11-27,12490.9,2014-02-16
1392-11-28,12461.9,2014-02-17
1392-11-29,12353.7,2014-02-18
1392-11-30,12271.6,2014-02-19
1392-12-03,12199.9,2014-02-22
1392-12-04,11988.4,2014-02-23
1392-12-05,11923.9,2014-02-24
1392-12-06,11921.7,2014-02-25
1392-12-07,11909.3,2014-02-26
1392-12-10,11719.1,2014-03-01
1392-12-11,11511.4,2014-03-02
1392-12-12,11346.3,2014-03-03
1392-12-13,11150.9,2014-03-04
1392-12-14,11029.9,2014-03-05
1392-12-17,10920.5,2014-03-08
1392-12-18,10876.2,2014-03-09
1392-12-19,10843.9,2014-03-10
1392-12-20,10836.6,2014-03-11
1392-12-21,10659.3,2014-03-12
1392-12-24,10537.7,2014-03-15
1392-12-25,10702.2,2014-03-16
1392-12-26,10873.3,2014-03-17
1392-12-27,10948.0,2014-03-18
1392-12-28,11015.0,2014-03-19
1393-01-05,11126.0,2014-03-25
1393-01-06,11264.5,2014-03-26
1393-01-09,11398.4,2014-03-29
1393-01-10,11436.3,2014-03-30
1393-01-11,11605.2,2014-03-31
1393-01-16,11575.5,2014-04-05
1393-01-17,11565.8,2014-04-06
1393-01-18,11562.2,2014-04-07
1393-01-19,11373.2,2014-04-08
1393-01-20,11193.1,2014-04-09
1393-01-23,11081.2,2014-04-12
1393-01-24,10907.3,2014-04-13
1393-01-25,10789.7,2014-04-14
1393-01-26,10902.8,2014-04-15
1393-01-27,10986.4,2014-04-16
1393-01-30,10917.9,2014-04-19
1393-01-31,10910.0,2014-04-20
1393-02-01,11066.9,2014-04-21
1393-02-02,11043.0,2014-04-22
1393-02-03,10904.0,2014-04-23
1393-02-06,11078.3,2014-04-26
1393-02-07,11238.2,2014-04-27
1393-02-08,11256.8,2014-04-28
1393-02-09,11065.0,2014-04-29
1393-02-10,10897.4,2014-04-30
1393-02-13,10822.3,2014-05-03
1393-02-14,10813.5,2014-05-04
1393-02-15,10917.2,2014-05-05
1393-02-16,10911.5,2014-05-06
1393-02-17,11048.7,2014-05-07
1393-02-20,11047.5,2014-05-10
1393-02-21,10879.1,2014-05-11
1393-02-22,10749.1,2014-05-12
1393-02-24,10601.1,2014-05-14
1393-02-27,10600.2,2014-05-17
1393-02-28,10622.1,2014-05-18
1393-02-29,10535.1,2014-05-19
1393-02-30,10668.5,2014-05-20
1393-02-31,10700.1,2014-05-21
1393-03-03,10702.8,2014-05-24
1393-03-04,10659.9,2014-05-25
1393-03-05,10496.9,2014-05-26
1393-03-07,10345.6,2014-05-28
1393-03-10,10345.6,2014-05-31
1393-03-11,10344.1,2014-06-01
1393-03-12,10344.1,2014-06-02
1393-03-13,10344.1,2014-06-03
1393-03-17,10344.1,2014-06-07
1393-03-18,9733.1,2014-06-08
1393-03-19,9787.3,2014-06-09
1393-03-20,9769.5,2014-06-10
1393-03-21,9765.6,2014-06-11
1393-03-24,9610.4,2014-06-14
1393-03-25,9448.3,2014-06-15
1393-03-26,9418.7,2014-06-16
1393-03-27,9375.6,2014-06-17
1393-03-28,9391.9,2014-06-18
1393-03-31,9431.9,2014-06-21
1393-04-01,9436.2,2014-06-22
1393-04-02,9579.2,2014-06-23
1393-04-03,9716.4,2014-06-24
1393-04-04,9847.7,2014-06-25
1393-04-07,9806.1,2014-06-28
1393-04-08,9805.6,2014-06-29
1393-04-09,9803.0,2014-06-30
1393-04-10,9688.5,2014-07-01
1393-04-11,9668.9,2014-07-02
1393-04-14,9790.6,2014-07-05
1393-04-15,9750.2,2014-07-06
1393-04-16,9720.2,2014-07-07
1393-04-17,9793.8,2014-07-08
1393-04-18,9722.5,2014-07-09
1393-04-21,9802.4,2014-07-12
1393-04-22,9881.8,2014-07-13
1393-04-23,9916.7,2014-07-14
1393-04-24,9777.5,2014-07-15
1393-04-25,9751.0,2014-07-16
1393-04-29,9598.7,2014-07-20
1393-04-30,9586.7,2014-07-21
1393-04-31,9722.9,2014-07-22
1393-05-01,9705.2,2014-07-23
1393-05-04,9723.8,2014-07-26
1393-05-05,9875.7,2014-07-27
1393-05-06,9971.6,2014-07-28
1393-05-11,9884.9,2014-08-02
1393-05-12,9731.4,2014-08-03
1393-05-13,9647.0,2014-08-04
1393-05-14,9630.6,2014-08-05
1393-05-15,9764.5,2014-08-06
1393-05-18,9888.0,2014-08-09
1393-05-19,9729.0,2014-08-10
1393-05-20,9775.5,2014-08-11
1393-05-21,9805.4,2014-08-12
1393-05-22,9935.0,2014-08-13
1393-05-25,10099.2,2014-08-16
1393-05-26,10256.3,2014-08-17
1393-05-27,10418.3,2014-08-18
1393-05-28,10601.0,2014-08-19
1393-05-29,10736.2,2014-08-20
1393-06-01,10686.5,2014-08-23
1393-06-02,10515.7,2014-08-24
1393-06-03,10410.5,2014-08-25
1393-06-04,10357.4,2014-08-26
1393-06-05,10531.7,2014-08-27
1393-06-08,10643.8,2014-08-30
1393-06-09,10488.1,2014-08-31
1393-06-10,10488.5,2014-09-01
1393-06-11,10665.2,2014-09-02
1393-06-12,10524.1,2014-09-03
1393-06-15,10703.5,2014-09-06
1393-06-16,10563.0,2014-09-07
1393-06-17,10647.3,2014-09-08
1393-06-18,10491.1,2014-09-09
1393-06-19,10390.4,2014-09-10
1393-06-22,10294.2,2014-09-13
1393-06-23,10250.0,2014-09-14
1393-06-24,10295.4,2014-09-15
1393-06-25,10158.3,2014-09-16
1393-06-26,10155.0,2014-09-17
1393-06-29,10006.0,2014-09-20
1393-06-30,10167.1,2014-09-21
1393-06-31,10137.4,2014-09-22
1393-07-01,10291.2,2014-09-23
1393-07-02,10310.1,2014-09-24
1393-07-05,10242.2,2014-09-27
1393-07-06,10215.2,2014-09-28
1393-07-07,10377.9,2014-09-29
1393-07-08,10553.2,2014-09-30
1393-07-09,10727.3,2014-10-01
1393-07-12,10688.7,2014-10-04
1393-07-14,10867.4,2014-10-06
1393-07-15,11060.9,2014-10-07
1393-07-16,10909.0,2014-10-08
1393-07-19,10745.8,2014-10-11
1393-07-20,10883.6,2014-10-12
1393-07-22,10769.7,2014-10-14
1393-07-23,10702.3,2014-10-15
1393-07-26,10809.9,2014-10-18
1393-07-27,10710.5,2014-10-19
1393-07-28,10712.2,2014-10-20
1393-07-29,10595.6,2014-10-21
1393-07-30,10462.7,2014-10-22
1393-08-03,10516.5,2014-10-25
1393-08-04,10499.3,2014-10-26
1393-08-05,10469.3,2014-10-27
1393-08-06,10581.8,2014-10-28
1393-08-07,10773.3,2014-10-29
1393-08-10,10294.2,2014-11-01
1393-08-11,10085.4,2014-11-02
1393-08-14,10189.8,2014-11-05
1393-08-17,9973.1,2014-11-08
1393-08-18,10052.2,2014-11-09
1393-08-19,10107.5,2014-11-10
1393-08-20,10269.9,2014-11-11
1393-08-21,10358.8,2014-11-12
1393-08-24,10404.9,2014-11-15
1393-08-25,10466.3,2014-11-16
1393-08-26,10858.1,2014-11-17
1393-08-27,10618.4,2014-11-18
1393-08-28,10257.7,2014-11-19
1393-09-01,9856.1,2014-11-22
1393-09-02,9518.0,2014-11-23
1393-09-03,9728.6,2014-11-24
1393-09-04,9631.1,2014-11-25
1393-09-05,9461.0,2014-11-26
1393-09-08,9253.0,2014-11-29
1393-09-09,8894.2,2014-11-30
1393-09-10,8539.2,2014-12-01
1393-09-11,8252.8,2014-12-02
1393-09-12,8536.1,2014-12-03
1393-09-15,8834.7,2014-12-06
1393-09-16,8560.3,2014-12-07
1393-09-17,8531.9,2014-12-08
1393-09-18,8384.9,2014-12-09
1393-09-19,8143.0,2014-12-10
1393-09-23,7863.9,2014-12-14
1393-09-24,7761.9,2014-12-15
1393-09-25,7645.8,2014-12-16
1393-09-26,7582.2,2014-12-17
1393-09-29,7642.8,2014-12-20
1393-10-01,7924.3,2014-12-22
1393-10-03,7971.1,2014-12-24
1393-10-06,7932.5,2014-12-27
1393-10-07,7957.6,2014-12-28
1393-10-08,7873.2,2014-12-29
1393-10-09,7953.2,2014-12-30
1393-10-10,7835.0,2014-12-31
1393-10-13,7743.9,2015-01-03
1393-10-14,7651.5,2015-01-04
1393-10-15,7613.7,2015-01-05
1393-10-16,7363.7,2015-01-06
1393-10-17,7193.0,2015-01-07
1393-10-20,7031.3,2015-01-10
1393-10-21,6995.9,2015-01-11
1393-10-22,7038.6,2015-01-12
1393-10-23,6893.4,2015-01-13
1393-10-24,6624.8,2015-01-14
1393-10-27,6521.1,2015-01-17
1393-10-28,6372.2,2015-01-18
1393-10-29,6590.5,2015-01-19
1393-10-30,6726.5,2015-01-20
1393-11-01,6510.3,2015-01-21
1393-11-04,6258.9,2015-01-24
1393-11-05,6143.2,2015-01-25
1393-11-06,5933.9,2015-01-26
1393-11-07,5849.4,2015-01-27
1393-11-08,6062.3,2015-01-28
1393-11-11,6164.1,2015-01-31
1393-11-12,6163.9,2015-02-01
1393-11-13,6146.0,2015-02-02
1393-11-14,6231.8,2015-02-03
1393-11-15,6243.1,2015-02-04
1393-11-18,6388.3,2015-02-07
1393-11-19,6481.0,2015-02-08
1393-11-20,6431.6,2015-02-09
1393-11-21,6462.1,2015-02-10
1393-11-25,6572.6,2015-02-14
1393-11-26,6339.5,2015-02-15
1393-11-27,6342.5,2015-02-16
1393-11-28,6421.8,2015-02-17
1393-11-29,6404.9,2015-02-18
1393-12-02,6404.9,2015-02-21
1393-12-03,6404.9,2015-02-22
1393-12-04,6653.4,2015-02-23
1393-12-05,6587.9,2015-02-24
1393-12-06,6435.2,2015-02-25
1393-12-09,6396.1,2015-02-28
1393-12-10,6212.5,2015-03-01
1393-12-11,6093.0,2015-03-02
1393-12-12,6124.9,2015-03-03
1393-12-13,6136.3,2015-03-04
1393-12-16,6157.4,2015-03-07
1393-12-17,6053.7,2015-03-08
1393-12-18,6010.8,2015-03-09
1393-12-19,5894.3,2015-03-10
1393-12-20,5880.5,2015-03-11
1393-12-23,6042.8,2015-03-14
1393-12-24,5946.6,2015-03-15
1393-12-25,5926.8,2015-03-16
1393-12-26,5910.3,2015-03-17
1393-12-27,5858.0,2015-03-18
1394-01-05,5858.2,2015-03-25
1394-01-08,5898.1,2015-03-28
1394-01-09,5901.0,2015-03-29
1394-01-10,5874.9,2015-03-30
1394-01-11,5879.0,2015-03-31
1394-01-15,5989.6,2015-04-04
1394-01-16,6104.4,2015-04-05
1394-01-17,6063.1,2015-04-06
1394-01-18,5984.2,2015-04-07
1394-01-19,5921.0,2015-04-08
1394-01-22,5878.3,2015-04-11
1394-01-23,5766.4,2015-04-12
1394-01-24,5772.2,2015-04-13
1394-01-25,5819.1,2015-04-14
1394-01-26,5709.3,2015-04-15
1394-01-29,5824.6,2015-04-18
1394-01-30,5807.5,2015-04-19
1394-01-31,5743.6,2015-04-20
1394-02-01,5800.6,2015-04-21
1394-02-02,5879.9,2015-04-22
1394-02-05,5953.6,2015-04-25
1394-02-06,5927.8,2015-04-26
1394-02-07,5857.7,2015-04-27
1394-02-08,6048.8,2015-04-28
1394-02-09,6037.3,2015-04-29
1394-02-13,5970.6,2015-05-03
1394-02-14,5898.3,2015-05-04
1394-02-15,5895.1,2015-05-05
1394-02-16,5861.0,2015-05-06
1394-02-19,5807.8,2015-05-09
1394-02-20,5773.6,2015-05-10
1394-02-21,5716.5,2015-05-11
1394-02-22,5702.3,2015-05-12
1394-02-23,5630.8,2015-05-13
1394-02-27,5593.4,2015-05-17
1394-02-28,5573.4,2015-05-18
1394-02-29,5544.5,2015-05-19
1394-02-30,5537.1,2015-05-20
1394-03-02,5637.1,2015-05-23
1394-03-03,5639.0,2015-05-24
1394-03-04,5618.1,2015-05-25
1394-03-05,5450.5,2015-05-26
1394-03-06,5329.5,2015-05-27
1394-03-09,5329.5,2015-05-30
1394-03-10,5334.6,2015-05-31
1394-03-11,5334.6,2015-06-01
1394-03-12,5334.6,2015-06-02
1394-03-16,5334.6,2015-06-06
1394-03-17,5334.6,2015-06-07
1394-03-18,5334.6,2015-06-08
1394-03-19,5359.3,2015-06-09
1394-03-20,5361.3,2015-06-10
1394-03-23,5648.2,2015-06-13
1394-03-24,5780.1,2015-06-14
1394-03-25,5855.8,2015-06-15
1394-03-26,5982.8,2015-06-16
1394-03-27,5924.9,2015-06-17
1394-03-30,5910.8,2015-06-20
1394-03-31,5909.3,2015-06-21
1394-04-01,5812.5,2015-06-22
1394-04-02,5986.1,2015-06-23
1394-04-03,6078.7,2015-06-24
1394-04-06,6118.9,2015-06-27
1394-04-07,6014.5,2015-06-28
1394-04-08,6024.5,2015-06-29
1394-04-09,6081.2,2015-06-30
1394-04-10,6067.2,2015-07-01
1394-04-13,6118.1,2015-07-04
1394-04-14,6317.6,2015-07-05
1394-04-15,6502.9,2015-07-06
1394-04-16,6657.5,2015-07-07
1394-04-20,6479.1,2015-07-11
1394-04-21,6468.5,2015-07-12
1394-04-22,6652.9,2015-07-13
1394-04-23,6724.6,2015-07-14
1394-04-24,6543.5,2015-07-15
1394-04-28,6543.5,2015-07-19
1394-04-29,6451.7,2015-07-20
1394-04-30,6452.5,2015-07-21
1394-04-31,6461.4,2015-07-22
1394-05-03,6228.1,2015-07-25
1394-05-04,6136.5,2015-07-26
1394-05-05,6075.3,2015-07-27
1394-05-06,6086.2,2015-07-28
1394-05-07,6199.9,2015-07-29
1394-05-10,6192.6,2015-08-01
1394-05-11,6161.5,2015-08-02
1394-05-12,5888.1,2015-08-03
1394-05-13,5908.6,2015-08-04
1394-05-14,5914.7,2015-08-05
1394-05-17,5885.6,2015-08-08
1394-05-18,5755.5,2015-08-09
1394-05-19,5734.0,2015-08-10
1394-05-21,5698.6,2015-08-12
1394-05-24,5537.3,2015-08-15
1394-05-25,5440.7,2015-08-16
1394-05-26,5417.0,2015-08-17
1394-05-27,5371.7,2015-08-18
1394-05-28,5341.4,2015-08-19
1394-05-31,5327.8,2015-08-22
1394-06-01,5311.2,2015-08-23
1394-06-02,5304.8,2015-08-24
1394-06-03,5270.4,2015-08-25
1394-06-04,5284.9,2015-08-26
1394-06-07,5318.1,2015-08-29
1394-06-08,5304.3,2015-08-30
1394-06-09,5262.4,2015-08-31
1394-06-10,5254.4,2015-09-01
1394-06-11,5234.7,2015-09-02
1394-06-14,5245.8,2015-09-05
1394-06-15,5312.3,2015-09-06
1394-06-16,5473.3,2015-09-07
1394-06-17,5370.0,2015-09-08
1394-06-18,5247.4,2015-09-09
1394-06-21,5224.1,2015-09-12
1394-06-22,5193.8,2015-09-13
1394-06-23,5112.2,2015-09-14
1394-06-24,5061.6,2015-09-15
1394-06-25,5007.7,2015-09-16
1394-06-28,4773.2,2015-09-19
1394-06-29,4886.7,2015-09-20
1394-06-30,4868.2,2015-09-21
1394-06-31,4870.2,2015-09-22
1394-07-01,4829.9,2015-09-23
1394-07-04,4835.9,2015-09-26
1394-07-05,4886.9,2015-09-27
1394-07-06,4971.8,2015-09-28
1394-07-07,5064.0,2015-09-29
1394-07-08,5023.2,2015-09-30
1394-07-11,4942.0,2015-10-03
1394-07-12,4919.2,2015-10-04
1394-07-13,4941.3,2015-10-05
1394-07-14,4921.1,2015-10-06
1394-07-15,4920.1,2015-10-07
1394-07-18,4907.3,2015-10-10
1394-07-19,4896.4,2015-10-11
1394-07-20,4875.1,2015-10-12
1394-07-21,4871.1,2015-10-13
1394-07-22,4885.8,2015-10-14
1394-07-25,4963.1,2015-10-17
1394-07-26,5083.6,2015-10-18
1394-07-27,5089.5,2015-10-19
1394-07-28,5067.3,2015-10-20
1394-07-29,5063.2,2015-10-21
1394-08-03,5061.1,2015-10-25
1394-08-04,5061.0,2015-10-26
1394-08-05,5062.2,2015-10-27
1394-08-06,5063.2,2015-10-28
1394-08-09,5064.2,2015-10-31
1394-08-10,5023.9,2015-11-01
1394-08-11,5025.2,2015-11-02
1394-08-12,5025.0,2015-11-03
1394-08-13,5024.3,2015-11-04
1394-08-16,5018.0,2015-11-07
1394-08-17,5025.7,2015-11-08
1394-08-18,5093.1,2015-11-09
1394-08-19,5111.7,2015-11-10
1394-08-20,5087.9,2015-11-11
1394-08-23,5080.9,2015-11-14
1394-08-24,5221.0,2015-11-15
1394-08-25,5352.9,2015-11-16
1394-08-26,5309.9,2015-11-17
1394-08-27,5207.6,2015-11-18
1394-08-30,5236.4,2015-11-21
1394-09-01,5294.5,2015-11-22
1394-09-02,5264.4,2015-11-23
1394-09-03,5198.3,2015-11-24
1394-09-04,5112.3,2015-11-25
1394-09-07,5101.5,2015-11-28
1394-09-08,5048.5,2015-11-29
1394-09-09,5027.6,2015-11-30
1394-09-10,5026.0,2015-12-01
1394-09-14,4970.3,2015-12-05
1394-09-15,4824.6,2015-12-06
1394-09-16,4828.5,2015-12-07
1394-09-17,4855.7,2015-12-08
1394-09-18,4985.6,2015-12-09
1394-09-22,4983.9,2015-12-13
1394-09-23,4966.3,2015-12-14
1394-09-24,4856.7,2015-12-15
1394-09-25,4863.3,2015-12-16
1394-09-28,4767.1,2015-12-19
1394-09-29,4669.8,2015-12-20
1394-09-30,4565.4,2015-12-21
1394-10-01,4537.0,2015-12-22
1394-10-02,4632.0,2015-12-23
1394-10-05,4601.1,2015-12-26
1394-10-06,4630.2,2015-12-27
1394-10-07,4651.7,2015-12-28
1394-10-09,4681.6,2015-12-30
1394-10-12,4644.0,2016-01-02
1394-10-13,4632.8,2016-01-03
1394-10-14,4785.4,2016-01-04
1394-10-15,4945.1,2016-01-05
1394-10-16,5039.7,2016-01-06
1394-10-19,5222.1,2016-01-09
1394-10-20,5080.3,2016-01-10
1394-10-21,5318.2,2016-01-11
1394-10-22,5403.0,2016-01-12
1394-10-23,5515.8,2016-01-13
1394-10-26,5635.0,2016-01-16
1394-10-27,5476.8,2016-01-17
1394-10-28,5333.7,2016-01-18
1394-10-29,5346.6,2016-01-19
1394-10-30,5354.7,2016-01-20
1394-11-03,5354.7,2016-01-23
1394-11-04,5354.7,2016-01-24
1394-11-05,5818.7,2016-01-25
1394-11-06,6004.9,2016-01-26
1394-11-07,5831.8,2016-01-27
1394-11-10,5645.7,2016-01-30
1394-11-11,5789.7,2016-01-31
1394-11-12,5921.5,2016-02-01
1394-11-13,5965.0,2016-02-02
1394-11-14,6000.4,2016-02-03
1394-11-17,6258.0,2016-02-06
1394-11-18,6545.5,2016-02-07
1394-11-19,6746.3,2016-02-08
1394-11-20,6824.0,2016-02-09
1394-11-21,6565.8,2016-02-10
1394-11-24,6279.1,2016-02-13
1394-11-25,6240.3,2016-02-14
1394-11-26,6536.0,2016-02-15
1394-11-27,6528.7,2016-02-16
1394-11-28,6316.6,2016-02-17
1394-12-01,6398.5,2016-02-20
1394-12-02,6398.5,2016-02-21
1394-12-03,6398.5,2016-02-22
1394-12-04,6398.5,2016-02-23
1394-12-05,6525.8,2016-02-24
1394-12-08,6654.7,2016-02-27
1394-12-09,6570.4,2016-02-28
1394-12-10,6488.7,2016-02-29
1394-12-11,6413.5,2016-03-01
1394-12-12,6324.8,2016-03-02
1394-12-15,6288.9,2016-03-05
1394-12-16,6069.7,2016-03-06
1394-12-17,5877.9,2016-03-07
1394-12-18,5827.7,2016-03-08
1394-12-19,5841.5,2016-03-09
1394-12-22,5819.2,2016-03-12
1394-12-24,5883.7,2016-03-14
1394-12-25,5787.6,2016-03-15
1394-12-26,5800.6,2016-03-16
1395-01-07,5845.4,2016-03-26
1395-01-08,5929.7,2016-03-27
1395-01-09,5996.0,2016-03-28
1395-01-10,6059.9,2016-03-29
1395-01-11,6114.8,2016-03-30
1395-01-14,6163.0,2016-04-02
1395-01-15,6293.7,2016-04-03
1395-01-16,6279.0,2016-04-04
1395-01-17,6154.2,2016-04-05
1395-01-18,6254.6,2016-04-06
1395-01-21,6367.5,2016-04-09
1395-01-22,6256.4,2016-04-10
1395-01-23,6180.7,2016-04-11
1395-01-24,6162.7,2016-04-12
1395-01-25,5597.9,2016-04-13
1395-01-28,5598.5,2016-04-16
1395-01-29,5445.5,2016-04-17
1395-01-30,5666.6,2016-04-18
1395-01-31,5674.1,2016-04-19
1395-02-01,5650.2,2016-04-20
1395-02-04,5656.5,2016-04-23
1395-02-05,5888.6,2016-04-24
1395-02-06,5964.0,2016-04-25
1395-02-07,6250.2,2016-04-26
1395-02-08,6457.8,2016-04-27
1395-02-11,6755.7,2016-04-30
1395-02-12,7089.1,2016-05-01
1395-02-13,7435.0,2016-05-02
1395-02-14,7803.0,2016-05-03
1395-02-15,7937.2,2016-05-04
1395-02-18,7885.8,2016-05-07
1395-02-19,7926.1,2016-05-08
1395-02-20,7930.8,2016-05-09
1395-02-21,8110.6,2016-05-10
1395-02-22,8485.2,2016-05-11
1395-02-25,8482.7,2016-05-14
1395-02-26,8651.2,2016-05-15
1395-02-27,8402.4,2016-05-16
1395-02-28,8063.3,2016-05-17
1395-02-29,8412.9,2016-05-18
1395-03-01,8529.4,2016-05-21
1395-03-03,8664.7,2016-05-23
1395-03-04,8259.6,2016-05-24
1395-03-05,8374.0,2016-05-25
1395-03-08,8592.8,2016-05-28
1395-03-09,8689.4,2016-05-29
1395-03-10,8757.2,2016-05-30
1395-03-11,8969.5,2016-05-31
1395-03-12,9219.2,2016-06-01
1395-03-16,9053.9,2016-06-05
1395-03-17,8902.6,2016-06-06
1395-03-18,8854.2,2016-06-07
1395-03-19,8620.4,2016-06-08
1395-03-22,8197.0,2016-06-11
1395-03-23,7896.6,2016-06-12
1395-03-24,7980.0,2016-06-13
1395-03-25,7668.2,2016-06-14
1395-03-26,7387.5,2016-06-15
1395-03-29,7295.5,2016-06-18
1395-03-30,7268.8,2016-06-19
1395-03-31,7408.7,2016-06-20
1395-04-01,7575.5,2016-06-21
1395-04-02,7801.6,2016-06-22
1395-04-05,7669.2,2016-06-25
1395-04-06,7838.3,2016-06-26
1395-04-08,7514.5,2016-06-28
1395-04-09,7576.9,2016-06-29
1395-04-12,7694.2,2016-07-02
1395-04-13,7423.5,2016-07-03
1395-04-14,7191.0,2016-07-04
1395-04-15,7275.1,2016-07-05
1395-04-19,7450.1,2016-07-09
1395-04-20,7360.5,2016-07-10
1395-04-21,7184.2,2016-07-11
1395-04-22,7056.2,2016-07-12
1395-04-23,7282.3,2016-07-13
1395-04-26,7216.2,2016-07-16
1395-04-27,7109.0,2016-07-17
1395-04-28,7301.4,2016-07-18
1395-04-29,7392.9,2016-07-19
1395-04-30,7748.6,2016-07-20
1395-05-02,7896.7,2016-07-23
1395-05-03,7746.6,2016-07-24
1395-05-04,7763.5,2016-07-25
1395-05-05,8096.6,2016-07-26
1395-05-06,8135.2,2016-07-27
1395-05-10,7808.3,2016-07-31
1395-05-11,7525.2,2016-08-01
1395-05-12,7812.4,2016-08-02
1395-05-13,7718.9,2016-08-03
1395-05-16,7834.7,2016-08-06
1395-05-17,7741.4,2016-08-07
1395-05-18,7773.7,2016-08-08
1395-05-19,7563.7,2016-08-09
1395-05-20,7490.2,2016-08-10
1395-05-23,7663.9,2016-08-13
1395-05-24,7913.3,2016-08-14
1395-05-25,8104.8,2016-08-15
1395-05-26,8170.3,2016-08-16
1395-05-27,8442.5,2016-08-17
1395-05-30,8481.2,2016-08-20
1395-05-31,8320.1,2016-08-21
1395-06-01,8309.5,2016-08-22
1395-06-02,8280.1,2016-08-23
1395-06-03,8244.7,2016-08-24
1395-06-06,8359.1,2016-08-27
1395-06-07,8065.4,2016-08-28
1395-06-08,8029.4,2016-08-29
1395-06-09,8289.3,2016-08-30
1395-06-10,8193.8,2016-08-31
1395-06-13,7931.8,2016-09-03
1395-06-14,7870.5,2016-09-04
1395-06-15,7669.7,2016-09-05
1395-06-16,7672.8,2016-09-06
1395-06-17,7727.4,2016-09-07
1395-06-20,7711.8,2016-09-10
1395-06-21,7987.8,2016-09-11
1395-06-23,8212.9,2016-09-13
1395-06-24,8400.7,2016-09-14
1395-06-27,8246.5,2016-09-17
1395-06-28,8222.0,2016-09-18
1395-06-29,8138.8,2016-09-19
1395-06-31,8096.2,2016-09-21
1395-07-03,8290.8,2016-09-24
1395-07-04,8333.7,2016-09-25
1395-07-05,8714.7,2016-09-26
1395-07-06,8989.1,2016-09-27
1395-07-07,8891.8,2016-09-28
1395-07-10,8944.6,2016-10-01
1395-07-11,9180.0,2016-10-02
1395-07-12,9539.5,2016-10-03
1395-07-13,9622.7,2016-10-04
1395-07-14,9239.5,2016-10-05
1395-07-17,9349.6,2016-10-08
1395-07-18,9301.8,2016-10-09
1395-07-19,9283.5,2016-10-10
1395-07-24,8938.1,2016-10-15
1395-07-25,9112.0,2016-10-16
1395-07-26,9094.4,2016-10-17
1395-07-27,9082.0,2016-10-18
1395-07-28,9069.1,2016-10-19
1395-08-01,9068.4,2016-10-22
1395-08-02,9047.0,2016-10-23
1395-08-03,9199.7,2016-10-24
1395-08-04,9382.5,2016-10-25
1395-08-05,9540.4,2016-10-26
1395-08-08,9687.5,2016-10-29
1395-08-09,9860.7,2016-10-30
1395-08-10,9668.0,2016-10-31
1395-08-11,9669.6,2016-11-01
1395-08-12,9795.8,2016-11-02
1395-08-15,9809.4,2016-11-05
1395-08-16,9638.5,2016-11-06
1395-08-17,9633.8,2016-11-07
1395-08-18,9599.5,2016-11-08
1395-08-19,9434.6,2016-11-09
1395-08-22,9472.3,2016-11-12
1395-08-23,9329.2,2016-11-13
1395-08-24,9641.8,2016-11-14
1395-08-25,9912.3,2016-11-15
1395-08-26,10184.1,2016-11-16
1395-08-29,10287.9,2016-11-19
1395-09-01,9988.0,2016-11-21
1395-09-02,9759.5,2016-11-22
1395-09-03,9791.0,2016-11-23
1395-09-06,9750.8,2016-11-26
1395-09-07,9747.5,2016-11-27
1395-09-09,9783.6,2016-11-29
1395-09-13,9539.5,2016-12-03
1395-09-14,9517.3,2016-12-04
1395-09-15,9750.4,2016-12-05
1395-09-16,10032.9,2016-12-06
1395-09-17,10176.9,2016-12-07
1395-09-20,9879.9,2016-12-10
1395-09-21,9610.2,2016-12-11
1395-09-22,9583.5,2016-12-12
1395-09-23,9553.4,2016-12-13
1395-09-24,9444.1,2016-12-14
1395-09-28,9654.2,2016-12-18
1395-09-29,9615.5,2016-12-19
1395-09-30,9532.4,2016-12-20
1395-10-01,9355.8,2016-12-21
1395-10-04,9326.1,2016-12-24
1395-10-05,9318.2,2016-12-25
1395-10-06,9277.3,2016-12-26
1395-10-07,9192.2,2016-12-27
1395-10-08,9102.5,2016-12-28
1395-10-11,9044.0,2016-12-31
1395-10-12,8951.8,2017-01-01
1395-10-13,9001.9,2017-01-02
1395-10-14,8958.4,2017-01-03
1395-10-15,8233.4,2017-01-04
1395-10-18,8129.3,2017-01-07
1395-10-19,8077.0,2017-01-08
1395-10-20,7745.0,2017-01-09
1395-10-22,7741.8,2017-01-11
1395-10-25,7691.9,2017-01-14
1395-10-26,7796.8,2017-01-15
1395-10-27,7893.7,2017-01-16
1395-10-28,7893.7,2017-01-17
1395-10-29,7893.7,2017-01-18
1395-11-02,7893.7,2017-01-21
1395-11-03,7893.7,2017-01-22
1395-11-04,7893.7,2017-01-23
1395-11-05,7893.7,2017-01-24
1395-11-06,7893.7,2017-01-25
1395-11-09,7758.1,2017-01-28
1395-11-10,7782.3,2017-01-29
1395-11-11,7923.7,2017-01-30
1395-11-12,8111.4,2017-01-31
1395-11-13,8100.0,2017-02-01
1395-11-16,7948.3,2017-02-04
1395-11-17,7775.6,2017-02-05
1395-11-18,7880.3,2017-02-06
1395-11-19,7965.2,2017-02-07
1395-11-20,8097.4,2017-02-08
1395-11-23,8384.6,2017-02-11
1395-11-24,8410.7,2017-02-12
1395-11-25,8149.8,2017-02-13
1395-11-26,8194.6,2017-02-14
1395-11-27,8129.2,2017-02-15
1395-11-30,8104.3,2017-02-18
1395-12-01,7988.5,2017-02-19
1395-12-02,8165.1,2017-02-20
1395-12-03,8378.9,2017-02-21
1395-12-04,8378.9,2017-02-22
1395-12-07,8783.8,2017-02-25
1395-12-08,8608.6,2017-02-26
1395-12-09,8536.4,2017-02-27
1395-12-10,8392.7,2017-02-28
1395-12-11,8438.0,2017-03-01
1395-12-14,8625.0,2017-03-04
1395-12-15,8287.8,2017-03-05
1395-12-16,8152.9,2017-03-06
1395-12-17,8072.9,2017-03-07
1395-12-18,8039.0,2017-03-08
1395-12-21,7693.3,2017-03-11
1395-12-22,7422.8,2017-03-12
1395-12-23,7652.5,2017-03-13
1395-12-24,7712.3,2017-03-14
1395-12-25,7860.3,2017-03-15
1395-12-28,8003.9,2017-03-18
1396-01-05,8205.5,2017-03-25
1396-01-06,8308.6,2017-03-26
1396-01-07,8129.6,2017-03-27
1396-01-08,8198.3,2017-03-28
1396-01-09,8292.3,2017-03-29
1396-01-14,8498.9,2017-04-03
1396-01-15,8670.4,2017-04-04
1396-01-16,8570.2,2017-04-05
1396-01-19,8629.0,2017-04-08
1396-01-20,8937.9,2017-04-09
1396-01-21,9367.9,2017-04-10
1396-01-23,9799.3,2017-04-12
1396-01-26,10235.3,2017-04-15
1396-01-27,10366.5,2017-04-16
1396-01-28,10757.1,2017-04-17
1396-01-29,10764.1,2017-04-18
1396-01-30,10267.2,2017-04-19
1396-02-02,10715.2,2017-04-22
1396-02-03,10761.7,2017-04-23
1396-02-04,11196.4,2017-04-24
1396-02-06,11731.6,2017-04-26
1396-02-09,11849.5,2017-04-29
1396-02-10,11864.4,2017-04-30
1396-02-11,12439.9,2017-05-01
1396-02-12,13047.1,2017-05-02
1396-02-13,13281.6,2017-05-03
1396-02-16,13735.6,2017-05-06
1396-02-17,13726.9,2017-05-07
1396-02-18,13590.5,2017-05-08
1396-02-19,13242.8,2017-05-09
1396-02-20,12653.4,2017-05-10
1396-02-23,12058.1,2017-05-13
1396-02-24,11623.6,2017-05-14
1396-02-25,11296.8,2017-05-15
1396-02-26,11551.8,2017-05-16
1396-02-27,11703.2,2017-05-17
1396-02-30,11979.5,2017-05-20
1396-02-31,12515.8,2017-05-21
1396-03-01,12746.2,2017-05-22
1396-03-02,12647.1,2017-05-23
1396-03-03,12509.3,2017-05-24
1396-03-06,12523.6,2017-05-27
1396-03-07,13125.3,2017-05-28
1396-03-08,13454.0,2017-05-29
1396-03-09,12812.5,2017-05-30
1396-03-10,12598.4,2017-05-31
1396-03-13,12598.4,2017-06-03
1396-03-16,12598.4,2017-06-06
1396-03-17,12598.4,2017-06-07
1396-03-20,12598.4,2017-06-10
1396-03-21,12598.4,2017-06-11
1396-03-22,12802.3,2017-06-12
1396-03-23,12941.1,2017-06-13
1396-03-24,13016.7,2017-06-14
1396-03-27,13180.1,2017-06-17
1396-03-28,12892.4,2017-06-18
1396-03-29,13391.9,2017-06-19
1396-03-30,13920.3,2017-06-20
1396-03-31,13450.6,2017-06-21
1396-04-03,13595.6,2017-06-24
1396-04-04,13807.6,2017-06-25
1396-04-07,13294.5,2017-06-28
1396-04-10,13023.2,2017-07-01
1396-04-11,13023.2,2017-07-02
1396-04-12,13388.2,2017-07-03
1396-04-13,13772.4,2017-07-04
1396-04-14,14173.3,2017-07-05
1396-04-17,14194.4,2017-07-08
1396-04-18,14333.4,2017-07-09
1396-04-19,14466.6,2017-07-10
1396-04-20,14325.8,2017-07-11
1396-04-21,13688.2,2017-07-12
1396-04-24,13274.8,2017-07-15
1396-04-25,13771.7,2017-07-16
1396-04-26,13580.1,2017-07-17
1396-04-27,13516.2,2017-07-18
1396-04-28,13441.9,2017-07-19
1396-04-31,13216.4,2017-07-22
1396-05-01,13276.2,2017-07-23
1396-05-02,13245.0,2017-07-24
1396-05-03,13062.0,2017-07-25
1396-05-04,13240.1,2017-07-26
1396-05-07,12936.1,2017-07-29
1396-05-08,12644.3,2017-07-30
1396-05-09,12664.0,2017-07-31
1396-05-10,12758.9,2017-08-01
1396-05-11,12774.9,2017-08-02
1396-05-15,12823.8,2017-08-06
1396-05-16,12571.5,2017-08-07
1396-05-17,12340.0,2017-08-08
1396-05-18,12632.0,2017-08-09
1396-05-21,12473.1,2017-08-12
1396-05-22,12245.4,2017-08-13
1396-05-23,11977.6,2017-08-14
1396-05-24,12123.7,2017-08-15
1396-05-25,12062.0,2017-08-16
1396-05-28,12323.7,2017-08-19
1396-05-29,12437.2,2017-08-20
1396-05-30,13032.8,2017-08-21
1396-05-31,12667.3,2017-08-22
1396-06-01,12506.4,2017-08-23
1396-06-04,12268.6,2017-08-26
1396-06-05,11946.3,2017-08-27
1396-06-06,11995.7,2017-08-28
1396-06-07,12092.4,2017-08-29
1396-06-08,11856.8,2017-08-30
1396-06-11,12134.2,2017-09-02
1396-06-12,12178.5,2017-09-03
1396-06-13,12490.8,2017-09-04
1396-06-14,12670.5,2017-09-05
1396-06-15,12599.3,2017-09-06
1396-06-19,12868.5,2017-09-10
1396-06-20,13349.8,2017-09-11
1396-06-21,13245.6,2017-09-12
1396-06-22,13227.7,2017-09-13
1396-06-25,13228.6,2017-09-16
1396-06-26,13182.5,2017-09-17
1396-06-27,13416.5,2017-09-18
1396-06-28,13020.7,2017-09-19
1396-06-29,13384.5,2017-09-20
1396-07-01,13326.9,2017-09-23
1396-07-02,13103.3,2017-09-24
1396-07-03,13070.7,2017-09-25
1396-07-04,12917.1,2017-09-26
1396-07-05,12918.7,2017-09-27
1396-07-10,12782.8,2017-10-02
1396-07-11,12728.1,2017-10-03
1396-07-12,12889.8,2017-10-04
1396-07-15,12487.2,2017-10-07
1396-07-16,11992.4,2017-10-08
1396-07-17,12209.3,2017-10-09
1396-07-18,12052.7,2017-10-10
1396-07-19,12345.5,2017-10-11
1396-07-22,12793.0,2017-10-14
1396-07-23,13093.9,2017-10-15
1396-07-24,13265.6,2017-10-16
1396-07-25,13497.8,2017-10-17
1396-07-26,13383.7,2017-10-18
1396-07-29,13517.1,2017-10-21
1396-07-30,13351.0,2017-10-22
1396-08-01,13265.9,2017-10-23
1396-08-02,13206.5,2017-10-24
1396-08-03,13182.9,2017-10-25
1396-08-06,12910.4,2017-10-28
1396-08-07,12652.1,2017-10-29
1396-08-08,12693.8,2017-10-30
1396-08-09,12591.2,2017-10-31
1396-08-10,12766.7,2017-11-01
1396-08-13,12645.0,2017-11-04
1396-08-14,12767.0,2017-11-05
1396-08-15,12730.4,2017-11-06
1396-08-16,12708.1,2017-11-07
1396-08-17,12655.2,2017-11-08
1396-08-20,13398.5,2017-11-11
1396-08-21,13631.5,2017-11-12
1396-08-22,13136.2,2017-11-13
1396-08-23,13076.5,2017-11-14
1396-08-24,13446.4,2017-11-15
1396-08-27,13121.9,2017-11-18
1396-08-29,13531.6,2017-11-20
1396-08-30,13561.6,2017-11-21
1396-09-01,13475.6,2017-11-22
1396-09-04,13214.2,2017-11-25
1396-09-05,12775.7,2017-11-26
1396-09-07,13137.3,2017-11-28
1396-09-08,13143.6,2017-11-29
1396-09-11,13017.4,2017-12-02
1396-09-12,12884.3,2017-12-03
1396-09-13,12505.8,2017-12-04
1396-09-14,12456.0,2017-12-05
1396-09-18,12196.1,2017-12-09
1396-09-19,12419.1,2017-12-10
1396-09-20,12546.1,2017-12-11
1396-09-21,12904.7,2017-12-12
1396-09-22,13081.8,2017-12-13
1396-09-23,13081.8,2017-12-14
1396-09-24,13081.8,2017-12-15
1396-09-25,13124.8,2017-12-16
1396-09-26,12790.1,2017-12-17
1396-09-27,12535.9,2017-12-18
1396-09-28,12726.7,2017-12-19
1396-09-29,12705.1,2017-12-20
1396-10-02,12399.8,2017-12-23
1396-10-03,12310.5,2017-12-24
1396-10-04,12075.3,2017-12-25
1396-10-05,12130.6,2017-12-26
1396-10-06,11860.0,2017-12-27
1396-10-09,11859.5,2017-12-30
1396-10-10,11370.2,2017-12-31
1396-10-11,11208.9,2018-01-01
1396-10-12,11054.6,2018-01-02
1396-10-13,10646.5,2018-01-03
1396-10-16,10626.1,2018-01-06
1396-10-17,10993.0,2018-01-07
1396-10-18,11322.8,2018-01-08
1396-10-19,10902.5,2018-01-09
1396-10-20,10669.6,2018-01-10
1396-10-23,10678.1,2018-01-13
1396-10-24,10511.2,2018-01-14
1396-10-25,10737.6,2018-01-15
1396-10-26,10872.1,2018-01-16
1396-10-27,10759.6,2018-01-17
1396-10-30,10346.8,2018-01-20
1396-11-01,10561.4,2018-01-21
1396-11-02,10645.2,2018-01-22
1396-11-03,10920.8,2018-01-23
1396-11-04,11106.3,2018-01-24
1396-11-07,11167.7,2018-01-27
1396-11-08,11087.4,2018-01-28
1396-11-09,10886.8,2018-01-29
1396-11-10,10860.2,2018-01-30
1396-11-11,10636.3,2018-01-31
1396-11-14,10785.3,2018-02-03
1396-11-15,10766.3,2018-02-04
1396-11-16,10825.1,2018-02-05
1396-11-17,10902.1,2018-02-06
1396-11-18,10734.1,2018-02-07
1396-11-21,10801.4,2018-02-10
1396-11-23,11063.9,2018-02-12
1396-11-24,11028.7,2018-02-13
1396-11-25,10984.5,2018-02-14
1396-11-28,10941.3,2018-02-17
1396-11-29,10952.7,2018-02-18
1396-11-30,11284.6,2018-02-19
1396-12-02,11081.8,2018-02-21
1396-12-05,10805.5,2018-02-24
1396-12-06,10564.2,2018-02-25
1396-12-07,10411.8,2018-02-26
1396-12-08,10641.2,2018-02-27
1396-12-09,10867.6,2018-02-28
1396-12-12,10734.2,2018-03-03
1396-12-13,11074.3,2018-03-04
1396-12-14,11414.7,2018-03-05
1396-12-15,11382.3,2018-03-06
1396-12-16,10863.0,2018-03-07
1396-12-19,10552.6,2018-03-10
1396-12-20,10499.6,2018-03-11
1396-12-21,10521.0,2018-03-12
1396-12-22,10761.1,2018-03-13
1396-12-23,10579.3,2018-03-14
1396-12-26,10438.0,2018-03-17
1396-12-27,10682.5,2018-03-18
1396-12-28,10600.5,2018-03-19
1397-01-05,10680.5,2018-03-25
1397-01-06,10506.4,2018-03-26
1397-01-07,10448.3,2018-03-27
1397-01-08,10508.4,2018-03-28
1397-01-14,10389.5,2018-04-03
1397-01-15,10381.1,2018-04-04
1397-01-18,10295.9,2018-04-07
1397-01-19,9938.8,2018-04-08
1397-01-20,10009.2,2018-04-09
1397-01-21,9954.0,2018-04-10
1397-01-22,9814.6,2018-04-11
1397-01-26,9459.1,2018-04-15
1397-01-27,9620.6,2018-04-16
1397-01-28,9491.6,2018-04-17
1397-01-29,9596.0,2018-04-18
1397-02-01,9824.4,2018-04-21
1397-02-02,10215.9,2018-04-22
1397-02-03,10089.1,2018-04-23
1397-02-04,10255.8,2018-04-24
1397-02-05,10153.0,2018-04-25
1397-02-08,9978.0,2018-04-28
1397-02-09,9729.3,2018-04-29
1397-02-10,9954.8,2018-04-30
1397-02-11,10053.4,2018-05-01
1397-02-15,9698.7,2018-05-05
1397-02-16,9331.4,2018-05-06
1397-02-17,9590.1,2018-05-07
1397-02-18,9652.5,2018-05-08
1397-02-19,9399.6,2018-05-09
1397-02-22,9240.6,2018-05-12
1397-02-23,9258.5,2018-05-13
1397-02-24,9430.8,2018-05-14
1397-02-25,9591.7,2018-05-15
1397-02-26,9556.3,2018-05-16
1397-02-29,9730.5,2018-05-19
1397-02-30,9956.6,2018-05-20
1397-02-31,10037.0,2018-05-21
1397-03-01,10150.0,2018-05-22
1397-03-02,10293.2,2018-05-23
1397-03-05,10526.3,2018-05-26
1397-03-06,10605.9,2018-05-27
1397-03-07,10855.9,2018-05-28
1397-03-08,11260.7,2018-05-29
1397-03-09,11451.5,2018-05-30
1397-03-12,11730.1,2018-06-02
1397-03-13,11730.1,2018-06-03
1397-03-19,11730.1,2018-06-09
1397-03-20,11730.1,2018-06-10
1397-03-21,11730.1,2018-06-11
1397-03-22,11858.2,2018-06-12
1397-03-23,11998.1,2018-06-13
1397-03-27,12151.6,2018-06-17
1397-03-28,12237.5,2018-06-18
1397-03-29,12230.3,2018-06-19
1397-03-30,12262.2,2018-06-20
1397-04-02,12414.1,2018-06-23
1397-04-03,12589.3,2018-06-24
1397-04-04,13580.8,2018-06-25
1397-04-05,13430.2,2018-06-26
1397-04-06,12834.1,2018-06-27
1397-04-09,12363.5,2018-06-30
1397-04-10,11873.0,2018-07-01
1397-04-11,12172.9,2018-07-02
1397-04-12,11824.8,2018-07-03
1397-04-13,11454.9,2018-07-04
1397-04-16,11039.3,2018-07-07
1397-04-17,10869.1,2018-07-08
1397-04-19,11401.2,2018-07-10
1397-04-20,11553.4,2018-07-11
1397-04-23,11655.5,2018-07-14
1397-04-24,11878.2,2018-07-15
1397-04-25,11437.3,2018-07-16
1397-04-26,11376.4,2018-07-17
1397-04-27,11366.3,2018-07-18
1397-04-30,11400.4,2018-07-21
1397-04-31,11424.7,2018-07-22
1397-05-01,11332.2,2018-07-23
1397-05-02,11284.5,2018-07-24
1397-05-03,11286.6,2018-07-25
1397-05-04,11286.6,2018-07-26
1397-05-05,11286.6,2018-07-27
1397-05-06,11495.4,2018-07-28
1397-05-07,11154.9,2018-07-29
1397-05-08,10631.2,2018-07-30
1397-05-09,11012.8,2018-07-31
1397-05-10,10853.8,2018-08-01
1397-05-13,10425.0,2018-08-04
1397-05-14,10524.8,2018-08-05
1397-05-15,10811.1,2018-08-06
1397-05-16,10465.9,2018-08-07
1397-05-17,10745.8,2018-08-08
1397-05-20,11113.7,2018-08-11
1397-05-21,11448.9,2018-08-12
1397-05-22,11127.2,2018-08-13
1397-05-23,11180.9,2018-08-14
1397-05-24,11028.1,2018-08-15
1397-05-27,10668.2,2018-08-18
1397-05-28,10733.6,2018-08-19
1397-05-29,11211.0,2018-08-20
1397-05-30,11517.8,2018-08-21
1397-06-03,11959.3,2018-08-25
1397-06-04,12197.4,2018-08-26
1397-06-05,12664.0,2018-08-27
1397-06-06,12436.0,2018-08-28
1397-06-07,12105.7,2018-08-29
1397-06-10,11824.7,2018-09-01
1397-06-11,11755.4,2018-09-02
1397-06-12,11784.9,2018-09-03
1397-06-13,11715.8,2018-09-04
1397-06-14,12243.3,2018-09-05
1397-06-17,12737.0,2018-09-08
1397-06-18,12626.4,2018-09-09
1397-06-19,12457.2,2018-09-10
1397-06-20,12644.4,2018-09-11
1397-06-21,12896.5,2018-09-12
1397-06-24,13289.8,2018-09-15
1397-06-25,13229.5,2018-09-16
1397-06-26,13482.6,2018-09-17
1397-06-27,13773.8,2018-09-18
1397-06-31,14431.2,2018-09-22
1397-07-01,15148.7,2018-09-23
1397-07-02,15437.5,2018-09-24
1397-07-03,15311.7,2018-09-25
1397-07-04,16242.4,2018-09-26
1397-07-07,17542.0,2018-09-29
1397-07-08,18310.4,2018-09-30
1397-07-09,17793.8,2018-10-01
1397-07-10,16908.4,2018-10-02
1397-07-11,16064.2,2018-10-03
1397-07-14,15295.0,2018-10-06
1397-07-15,14720.5,2018-10-07
1397-07-16,14294.7,2018-10-08
1397-07-17,14408.6,2018-10-09
1397-07-18,14572.5,2018-10-10
1397-07-21,13973.5,2018-10-13
1397-07-22,13491.7,2018-10-14
1397-07-23,13819.3,2018-10-15
1397-07-24,14456.3,2018-10-16
1397-07-25,14360.4,2018-10-17
1397-07-28,14791.4,2018-10-20
1397-07-29,14913.6,2018-10-21
1397-07-30,14472.6,2018-10-22
1397-08-01,13841.0,2018-10-23
1397-08-02,13261.2,2018-10-24
1397-08-05,13028.8,2018-10-27
1397-08-06,13254.2,2018-10-28
1397-08-07,13055.1,2018-10-29
1397-08-09,13382.3,2018-10-31
1397-08-12,13220.4,2018-11-03
1397-08-13,13084.4,2018-11-04
1397-08-14,13188.9,2018-11-05
1397-08-15,13372.1,2018-11-06
1397-08-19,13591.4,2018-11-10
1397-08-20,13320.6,2018-11-11
1397-08-21,13510.5,2018-11-12
1397-08-22,13535.0,2018-11-13
1397-08-23,13917.6,2018-11-14
1397-08-26,14179.5,2018-11-17
1397-08-27,14254.3,2018-11-18
1397-08-28,13791.2,2018-11-19
1397-08-29,14355.8,2018-11-20
1397-08-30,14378.6,2018-11-21
1397-09-03,13912.3,2018-11-24
1397-09-05,13368.2,2018-11-26
1397-09-06,13796.8,2018-11-27
1397-09-07,14247.3,2018-11-28
1397-09-10,14126.4,2018-12-01
1397-09-11,14327.0,2018-12-02
1397-09-12,14289.9,2018-12-03
1397-09-13,14254.5,2018-12-04
1397-09-14,14722.2,2018-12-05
1397-09-17,15233.3,2018-12-08
1397-09-18,15483.9,2018-12-09
1397-09-19,15322.4,2018-12-10
1397-09-20,15347.3,2018-12-11
1397-09-21,15541.1,2018-12-12
1397-09-24,16281.0,2018-12-15
1397-09-25,16858.7,2018-12-16
1397-09-26,17028.7,2018-12-17
1397-09-27,16313.2,2018-12-18
1397-09-28,16762.8,2018-12-19
1397-10-01,17551.4,2018-12-22
1397-10-02,18999.1,2018-12-23
1397-10-03,19625.2,2018-12-24
1397-10-04,19743.5,2018-12-25
1397-10-05,19702.4,2018-12-26
1397-10-08,21100.9,2018-12-29
1397-10-09,22059.9,2018-12-30
1397-10-10,23132.5,2018-12-31
1397-10-11,24242.6,2019-01-01
1397-10-12,25152.9,2019-01-02
1397-10-15,26052.2,2019-01-05
1397-10-16,27109.6,2019-01-06
1397-10-17,27331.7,2019-01-07
1397-10-18,27976.8,2019-01-08
1397-10-19,29130.5,2019-01-09
1397-10-22,30342.0,2019-01-12
1397-10-23,30342.0,2019-01-13
1397-10-24,32905.1,2019-01-14
1397-10-25,34306.0,2019-01-15
1397-10-26,35144.1,2019-01-16
1397-10-29,35911.8,2019-01-19
1397-10-30,34502.0,2019-01-20
1397-11-01,33279.5,2019-01-21
1397-11-02,31886.0,2019-01-22
1397-11-03,31886.0,2019-01-23
1397-11-06,33333.3,2019-01-26
1397-11-07,32122.5,2019-01-27
1397-11-08,31110.2,2019-01-28
1397-11-09,30162.6,2019-01-29
1397-11-10,29586.6,2019-01-30
1397-11-13,28455.9,2019-02-02
1397-11-14,28437.3,2019-02-03
1397-11-15,28288.8,2019-02-04
1397-11-16,25876.8,2019-02-05
1397-11-17,25990.4,2019-02-06
1397-11-21,26968.1,2019-02-10
1397-11-23,27846.9,2019-02-12
1397-11-24,28918.5,2019-02-13
1397-11-27,29007.2,2019-02-16
1397-11-28,27998.7,2019-02-17
1397-11-29,27823.7,2019-02-18
1397-11-30,28101.1,2019-02-19
1397-12-01,26806.3,2019-02-20
1397-12-04,25820.9,2019-02-23
1397-12-05,25453.2,2019-02-24
1397-12-06,25183.5,2019-02-25
1397-12-07,24182.2,2019-02-26
1397-12-08,23468.1,2019-02-27
1397-12-11,22786.4,2019-03-02
1397-12-12,23646.4,2019-03-03
1397-12-13,24396.0,2019-03-04
1397-12-14,24750.7,2019-03-05
1397-12-15,23837.8,2019-03-06
1397-12-18,23503.4,2019-03-09
1397-12-19,23246.7,2019-03-10
1397-12-20,23322.1,2019-03-11
1397-12-21,22900.7,2019-03-12
1397-12-22,23323.0,2019-03-13
1397-12-25,23242.7,2019-03-16
1397-12-26,23534.6,2019-03-17
1397-12-27,23334.0,2019-03-18
1397-12-28,22842.3,2019-03-19
1398-01-05,22369.1,2019-03-25
1398-01-06,22948.2,2019-03-26
1398-01-07,23236.9,2019-03-27
1398-01-10,23728.3,2019-03-30
1398-01-11,24046.5,2019-03-31
1398-01-17,24105.5,2019-04-06
1398-01-18,24344.1,2019-04-07
1398-01-19,24003.1,2019-04-08
1398-01-20,23870.4,2019-04-09
1398-01-21,24851.2,2019-04-10
1398-01-24,26092.1,2019-04-13
1398-01-25,27125.1,2019-04-14
1398-01-26,28220.6,2019-04-15
1398-01-27,27056.0,2019-04-16
1398-01-28,25841.9,2019-04-17
1398-01-31,26395.0,2019-04-20
1398-02-02,26535.4,2019-04-22
1398-02-03,26468.7,2019-04-23
1398-02-04,26564.3,2019-04-24
1398-02-07,27808.4,2019-04-27
1398-02-08,27616.2,2019-04-28
1398-02-09,26842.8,2019-04-29
1398-02-10,27470.4,2019-04-30
1398-02-11,27716.2,2019-05-01
1398-02-14,28850.6,2019-05-04
1398-02-15,30156.4,2019-05-05
1398-02-16,30049.3,2019-05-06
1398-02-17,29486.4,2019-05-07
1398-02-18,29910.9,2019-05-08
1398-02-21,29618.6,2019-05-11
1398-02-22,28710.5,2019-05-12
1398-02-23,28710.5,2019-05-13
1398-02-24,29660.1,2019-05-14
1398-02-25,32070.5,2019-05-15
1398-02-28,33494.2,2019-05-18
1398-02-29,34193.7,2019-05-19
1398-02-30,34733.1,2019-05-20
1398-02-31,36072.7,2019-05-21
1398-03-01,37783.2,2019-05-22
1398-03-04,38729.7,2019-05-25
1398-03-05,40224.5,2019-05-26
1398-03-07,40204.0,2019-05-28
1398-03-08,40766.7,2019-05-29
1398-03-11,39689.4,2019-06-01
1398-03-12,41436.6,2019-06-02
1398-03-13,42755.1,2019-06-03
1398-03-18,43076.5,2019-06-08
1398-03-19,46790.1,2019-06-09
1398-03-20,47689.5,2019-06-10
1398-03-21,47260.6,2019-06-11
1398-03-22,45649.4,2019-06-12
1398-03-25,46780.3,2019-06-15
1398-03-26,48751.6,2019-06-16
1398-03-27,46584.5,2019-06-17
1398-03-28,44406.7,2019-06-18
1398-03-29,44192.8,2019-06-19
1398-04-01,42731.6,2019-06-22
1398-04-02,44181.2,2019-06-23
1398-04-03,46043.0,2019-06-24
1398-04-04,47351.9,2019-06-25
1398-04-05,49642.3,2019-06-26
1398-04-09,49251.6,2019-06-30
1398-04-10,47875.3,2019-07-01
1398-04-11,49816.3,2019-07-02
1398-04-12,50192.6,2019-07-03
1398-04-15,48254.3,2019-07-06
1398-04-16,49467.9,2019-07-07
1398-04-17,51765.0,2019-07-08
1398-04-18,51599.3,2019-07-09
1398-04-19,51042.8,2019-07-10
1398-04-22,51856.3,2019-07-13
1398-04-23,54145.2,2019-07-14
1398-04-24,55821.8,2019-07-15
1398-04-25,56792.0,2019-07-16
1398-04-26,59220.3,2019-07-17
1398-04-29,59173.7,2019-07-20
1398-04-30,59111.4,2019-07-21
1398-04-31,59510.2,2019-07-22
1398-05-01,56519.1,2019-07-23
1398-05-02,58539.2,2019-07-24
1398-05-05,60552.2,2019-07-27
1398-05-06,62701.6,2019-07-28
1398-05-07,61987.8,2019-07-29
1398-05-08,64566.9,2019-07-30
1398-05-09,67698.4,2019-07-31
1398-05-12,70484.5,2019-08-03
1398-05-13,71825.9,2019-08-04
1398-05-14,73279.8,2019-08-05
1398-05-15,75645.8,2019-08-06
1398-05-16,79205.7,2019-08-07
1398-05-19,78058.7,2019-08-10
1398-05-20,75925.0,2019-08-11
1398-05-22,76133.9,2019-08-13
1398-05-23,75594.8,2019-08-14
1398-05-26,75482.6,2019-08-17
1398-05-27,73041.4,2019-08-18
1398-05-28,76234.4,2019-08-19
1398-05-30,78034.8,2019-08-21
1398-06-02,76573.8,2019-08-24
1398-06-03,75379.3,2019-08-25
1398-06-04,76807.5,2019-08-26
1398-06-05,79303.2,2019-08-27
1398-06-06,78715.2,2019-08-28
1398-06-09,79769.8,2019-08-31
1398-06-10,78577.7,2019-09-01
1398-06-11,75579.5,2019-09-02
1398-06-12,76702.2,2019-09-03
1398-06-13,80065.4,2019-09-04
1398-06-16,83718.5,2019-09-07
1398-06-17,86874.5,2019-09-08
1398-06-20,86782.1,2019-09-11
1398-06-23,85043.3,2019-09-14
1398-06-24,84815.9,2019-09-15
1398-06-25,84118.8,2019-09-16
1398-06-26,83354.6,2019-09-17
1398-06-27,80216.6,2019-09-18
1398-06-30,83461.8,2019-09-21
1398-06-31,87552.8,2019-09-22
1398-07-01,88370.7,2019-09-23
1398-07-02,86333.7,2019-09-24
1398-07-03,86277.8,2019-09-25
1398-07-06,87607.4,2019-09-28
1398-07-07,84420.8,2019-09-29
1398-07-08,86259.8,2019-09-30
1398-07-09,84970.2,2019-10-01
1398-07-10,85598.8,2019-10-02
1398-07-13,89639.8,2019-10-05
1398-07-14,93286.3,2019-10-06
1398-07-15,97881.7,2019-10-07
1398-07-16,100757.0,2019-10-08
1398-07-17,103727.0,2019-10-09
1398-07-20,103716.0,2019-10-12
1398-07-21,99911.3,2019-10-13
1398-07-22,101570.0,2019-10-14
1398-07-23,98584.2,2019-10-15
1398-07-24,95362.3,2019-10-16
1398-07-28,91297.8,2019-10-20
1398-07-29,86832.4,2019-10-21
1398-07-30,88415.5,2019-10-22
1398-08-01,85414.1,2019-10-23
1398-08-04,82153.9,2019-10-26
1398-08-06,85762.1,2019-10-28
1398-08-08,89652.0,2019-10-30
1398-08-11,88228.6,2019-11-02
1398-08-12,86229.9,2019-11-03
1398-08-13,83231.9,2019-11-04
1398-08-14,83100.8,2019-11-05
1398-08-18,82845.7,2019-11-09
1398-08-19,86287.9,2019-11-10
1398-08-20,84705.4,2019-11-11
1398-08-21,85726.8,2019-11-12
1398-08-22,84973.1,2019-11-13
1398-08-25,83829.8,2019-11-16
1398-08-26,79755.0,2019-11-17
1398-08-27,80176.5,2019-11-18
1398-08-28,84070.9,2019-11-19
1398-08-29,87677.0,2019-11-20
1398-09-02,88722.5,2019-11-23
1398-09-03,91403.6,2019-11-24
1398-09-04,89372.7,2019-11-25
1398-09-05,89540.9,2019-11-26
1398-09-06,88116.3,2019-11-27
1398-09-09,89323.2,2019-11-30
1398-09-10,90672.0,2019-12-01
1398-09-11,91578.3,2019-12-02
1398-09-12,95966.7,2019-12-03
1398-09-13,98485.7,2019-12-04
1398-09-16,99809.5,2019-12-07
1398-09-17,98609.9,2019-12-08
1398-09-18,96394.8,2019-12-09
1398-09-19,95069.3,2019-12-10
1398-09-20,94986.6,2019-12-11
1398-09-23,97874.6,2019-12-14
1398-09-24,97682.6,2019-12-15
1398-09-25,95717.3,2019-12-16
1398-09-26,94065.7,2019-12-17
1398-09-27,93309.1,2019-12-18
1398-09-30,97348.3,2019-12-21
1398-10-01,98881.0,2019-12-22
1398-10-02,96772.6,2019-12-23
1398-10-03,99030.0,2019-12-24
1398-10-04,100031.0,2019-12-25
1398-10-07,101063.0,2019-12-28
1398-10-08,100864.0,2019-12-29
1398-10-09,103601.0,2019-12-30
1398-10-10,107790.0,2019-12-31
1398-10-11,109820.0,2020-01-01
1398-10-14,104380.0,2020-01-04
1398-10-15,99194.6,2020-01-05
1398-10-17,94419.5,2020-01-07
1398-10-18,92798.7,2020-01-08
1398-10-21,94653.9,2020-01-11
1398-10-22,99089.0,2020-01-12
1398-10-23,101432.0,2020-01-13
1398-10-24,99371.8,2020-01-14
1398-10-25,103702.0,2020-01-15
1398-10-28,108884.0,2020-01-18
1398-10-29,113694.0,2020-01-19
1398-10-30,115593.0,2020-01-20
1398-11-01,114593.0,2020-01-21
1398-11-02,116697.0,2020-01-22
1398-11-05,119818.0,2020-01-25
1398-11-06,115811.0,2020-01-26
1398-11-07,113262.0,2020-01-27
1398-11-08,114754.0,2020-01-28
1398-11-12,116480.0,2020-02-01
1398-11-13,119531.0,2020-02-02
1398-11-14,122838.0,2020-02-03
1398-11-15,119687.0,2020-02-04
1398-11-16,122069.0,2020-02-05
1398-11-19,121350.0,2020-02-08
1398-11-20,117684.0,2020-02-09
1398-11-21,113591.0,2020-02-10
1398-11-23,118452.0,2020-02-12
1398-11-26,122371.0,2020-02-15
1398-11-27,122087.0,2020-02-16
1398-11-28,123612.0,2020-02-17
1398-11-29,118613.0,2020-02-18
1398-11-30,118648.0,2020-02-19
1398-12-03,115156.0,2020-02-22
1398-12-04,118102.0,2020-02-23
1398-12-05,119403.0,2020-02-24
1398-12-06,124573.0,2020-02-25
1398-12-07,130801.0,2020-02-26
1398-12-10,135941.0,2020-02-29
1398-12-11,142737.0,2020-03-01
1398-12-12,149219.0,2020-03-02
1398-12-13,145599.0,2020-03-03
1398-12-14,149422.0,2020-03-04
1398-12-17,143962.0,2020-03-07
1398-12-19,139153.0,2020-03-09
1398-12-20,133180.0,2020-03-10
1398-12-21,138668.0,2020-03-11
1398-12-24,135580.0,2020-03-14
1398-12-25,138149.0,2020-03-15
1398-12-26,144264.0,2020-03-16
1398-12-27,151227.0,2020-03-17
1398-12-28,158696.0,2020-03-18
1399-01-05,162969.0,2020-03-24
1399-01-06,168616.0,2020-03-25
1399-01-09,176080.0,2020-03-28
1399-01-10,182449.0,2020-03-29
1399-01-11,186697.0,2020-03-30
1399-01-16,189654.0,2020-04-04
1399-01-17,192692.0,2020-04-05
1399-01-18,194847.0,2020-04-06
1399-01-19,196935.0,2020-04-07
1399-01-20,196935.0,2020-04-08
1399-01-23,200209.0,2020-04-11
1399-01-24,203805.0,2020-04-12
1399-01-25,194737.0,2020-04-13
1399-01-26,191683.0,2020-04-14
1399-01-27,200219.0,2020-04-15
1399-01-30,210219.0,2020-04-18
1399-01-31,214109.0,2020-04-19
1399-02-01,217533.0,2020-04-20
1399-02-02,224385.0,2020-04-21
1399-02-03,228369.0,2020-04-22
1399-02-06,231101.0,2020-04-25
1399-02-07,229336.0,2020-04-26
1399-02-08,227070.0,2020-04-27
1399-02-09,229235.0,2020-04-28
1399-02-10,232477.0,2020-04-29
1399-02-13,235895.0,2020-05-02
1399-02-14,239446.0,2020-05-03
1399-02-15,236742.0,2020-05-04
1399-02-16,234549.0,2020-05-05
1399-02-17,230904.0,2020-05-06
1399-02-20,232822.0,2020-05-09
1399-02-21,230135.0,2020-05-10
1399-02-22,227027.0,2020-05-11
1399-02-23,225572.0,2020-05-12
1399-02-24,224571.0,2020-05-13
1399-02-27,225149.0,2020-05-16
1399-02-28,227999.0,2020-05-17
1399-02-29,231309.0,2020-05-18
1399-02-30,234660.0,2020-05-19
1399-02-31,233998.0,2020-05-20
1399-03-03,231325.0,2020-05-23
1399-03-06,229636.0,2020-05-26
1399-03-07,229636.0,2020-05-27
1399-03-10,229636.0,2020-05-30
1399-03-11,229636.0,2020-05-31
1399-03-12,229636.0,2020-06-01
1399-03-13,229636.0,2020-06-02
1399-03-17,229636.0,2020-06-06
1399-03-18,229636.0,2020-06-07
1399-03-19,229636.0,2020-06-08
1399-03-20,235245.0,2020-06-09
1399-03-21,245372.0,2020-06-10
1399-03-24,243593.0,2020-06-13
1399-03-25,253255.0,2020-06-14
1399-03-26,265058.0,2020-06-15
1399-03-27,260643.0,2020-06-16
1399-03-31,258610.0,2020-06-20
1399-04-01,260056.0,2020-06-21
1399-04-02,255640.0,2020-06-22
1399-04-03,266812.0,2020-06-23
1399-04-04,268777.0,2020-06-24
1399-04-07,273806.0,2020-06-27
1399-04-08,285282.0,2020-06-28
1399-04-09,284974.0,2020-06-29
1399-04-10,298910.0,2020-06-30
1399-04-11,300049.0,2020-07-01
1399-04-14,297008.0,2020-07-04
1399-04-15,286361.0,2020-07-05
1399-04-16,281382.0,2020-07-06
1399-04-17,269018.0,2020-07-07
1399-04-18,258814.0,2020-07-08
1399-04-21,248762.0,2020-07-11
1399-04-22,257421.0,2020-07-12
1399-04-23,247712.0,2020-07-13
1399-04-24,239711.0,2020-07-14
1399-04-25,230113.0,2020-07-15
1399-04-28,240574.0,2020-07-18
1399-04-29,248942.0,2020-07-19
1399-04-30,246688.0,2020-07-20
1399-04-31,242335.0,2020-07-21
1399-05-01,238206.0,2020-07-22
1399-05-04,228171.0,2020-07-25
1399-05-05,217805.0,2020-07-26
1399-05-06,208267.0,2020-07-27
1399-05-07,214889.0,2020-07-28
1399-05-08,212549.0,2020-07-29
1399-05-11,220318.0,2020-08-01
1399-05-12,215356.0,2020-08-02
1399-05-13,217530.0,2020-08-03
1399-05-14,209100.0,2020-08-04
1399-05-15,214776.0,2020-08-05
1399-05-19,206962.0,2020-08-09
1399-05-20,198849.0,2020-08-10
1399-05-21,190223.0,2020-08-11
1399-05-22,185578.0,2020-08-12
1399-05-25,188953.0,2020-08-15
1399-05-26,194180.0,2020-08-16
1399-05-27,193566.0,2020-08-17
1399-05-28,192815.0,2020-08-18
1399-05-29,192760.0,2020-08-19
1399-06-01,192673.0,2020-08-22
1399-06-02,192653.0,2020-08-23
1399-06-03,189389.0,2020-08-24
1399-06-04,190110.0,2020-08-25
1399-06-05,190501.0,2020-08-26
1399-06-10,190740.0,2020-08-31
1399-06-11,182695.0,2020-09-01
1399-06-12,175140.0,2020-09-02
1399-06-15,171932.0,2020-09-05
1399-06-16,177901.0,2020-09-06
1399-06-17,173305.0,2020-09-07
1399-06-18,168346.0,2020-09-08
1399-06-19,172164.0,2020-09-09
1399-06-22,177966.0,2020-09-12
1399-06-23,181537.0,2020-09-13
1399-06-24,186763.0,2020-09-14
1399-06-25,195023.0,2020-09-15
1399-06-26,202345.0,2020-09-16
1399-06-29,206916.0,2020-09-19
1399-06-30,199477.0,2020-09-20
1399-06-31,191046.0,2020-09-21
1399-07-01,183013.0,2020-09-22
1399-07-02,178034.0,2020-09-23
1399-07-05,173668.0,2020-09-26
1399-07-06,169896.0,2020-09-27
1399-07-07,166758.0,2020-09-28
1399-07-08,160020.0,2020-09-29
1399-07-09,154576.0,2020-09-30
1399-07-12,153440.0,2020-10-03
1399-07-13,155573.0,2020-10-04
1399-07-14,150098.0,2020-10-05
1399-07-15,156406.0,2020-10-06
1399-07-16,156616.0,2020-10-07
1399-07-19,161865.0,2020-10-10
1399-07-20,167351.0,2020-10-11
1399-07-21,161953.0,2020-10-12
1399-07-22,155134.0,2020-10-13
1399-07-23,148656.0,2020-10-14
1399-07-27,142766.0,2020-10-18
1399-07-28,137766.0,2020-10-19
1399-07-29,132252.0,2020-10-20
1399-07-30,129627.0,2020-10-21
1399-08-03,124297.0,2020-10-24
1399-08-05,120447.0,2020-10-26
1399-08-06,115563.0,2020-10-27
1399-08-07,111005.0,2020-10-28
1399-08-10,112308.0,2020-10-31
1399-08-11,107932.0,2020-11-01
1399-08-12,103762.0,2020-11-02
1399-08-14,107189.0,2020-11-04
1399-08-17,103841.0,2020-11-07
1399-08-18,101434.0,2020-11-08
1399-08-19,97686.9,2020-11-09
1399-08-20,96148.0,2020-11-10
1399-08-21,94620.9,2020-11-11
1399-08-24,98039.2,2020-11-14
1399-08-25,100874.0,2020-11-15
1399-08-26,103594.0,2020-11-16
1399-08-27,106850.0,2020-11-17
1399-08-28,108537.0,2020-11-18
1399-09-01,110952.0,2020-11-21
1399-09-02,109423.0,2020-11-22
1399-09-03,109248.0,2020-11-23
1399-09-04,113045.0,2020-11-24
1399-09-05,122713.0,2020-11-25
1399-09-08,127828.0,2020-11-28
1399-09-09,132348.0,2020-11-29
1399-09-10,133341.0,2020-11-30
1399-09-11,129691.0,2020-12-01
1399-09-12,129870.0,2020-12-02
1399-09-15,132645.0,2020-12-05
1399-09-16,133970.0,2020-12-06
1399-09-17,130627.0,2020-12-07
1399-09-18,128835.0,2020-12-08
1399-09-19,127369.0,2020-12-09
1399-09-22,126965.0,2020-12-12
1399-09-23,130670.0,2020-12-13
1399-09-24,134811.0,2020-12-14
1399-09-25,130226.0,2020-12-15
1399-09-26,134656.0,2020-12-16
1399-09-29,139839.0,2020-12-19
1399-09-30,143531.0,2020-12-20
1399-10-01,141181.0,2020-12-21
1399-10-02,139269.0,2020-12-22
1399-10-03,139269.0,2020-12-23
1399-10-06,134457.0,2020-12-26
1399-10-07,130381.0,2020-12-27
1399-10-08,135428.0,2020-12-28
1399-10-09,135493.0,2020-12-29
1399-10-10,133205.0,2020-12-30
1399-10-13,128301.0,2021-01-02
1399-10-14,124405.0,2021-01-03
1399-10-15,124785.0,2021-01-04
1399-10-16,119888.0,2021-01-05
1399-10-17,117360.0,2021-01-06
1399-10-20,114027.0,2021-01-09
1399-10-21,117496.0,2021-01-10
1399-10-22,122243.0,2021-01-11
1399-10-23,123375.0,2021-01-12
1399-10-24,127318.0,2021-01-13
1399-10-27,125665.0,2021-01-16
1399-10-29,123261.0,2021-01-18
1399-10-30,119382.0,2021-01-19
1399-11-01,121950.0,2021-01-20
1399-11-04,126897.0,2021-01-23
1399-11-05,125991.0,2021-01-24
1399-11-06,121169.0,2021-01-25
1399-11-07,117646.0,2021-01-26
1399-11-08,113335.0,2021-01-27
1399-11-11,118172.0,2021-01-30
1399-11-12,118515.0,2021-01-31
1399-11-13,113925.0,2021-02-01
1399-11-14,109511.0,2021-02-02
1399-11-15,106595.0,2021-02-03
1399-11-18,103696.0,2021-02-06
1399-11-19,105733.0,2021-02-07
1399-11-20,102765.0,2021-02-08
1399-11-21,105640.0,2021-02-09
1399-11-25,110922.0,2021-02-13
1399-11-26,111632.0,2021-02-14
1399-11-27,111557.0,2021-02-15
1399-11-28,111031.0,2021-02-16
1399-11-29,111257.0,2021-02-17
1399-12-02,111569.0,2021-02-20
1399-12-03,111742.0,2021-02-21
1399-12-04,111565.0,2021-02-22
1399-12-05,111229.0,2021-02-23
1399-12-06,110667.0,2021-02-24
1399-12-09,110667.0,2021-02-27
1399-12-10,110557.0,2021-02-28
1399-12-11,110883.0,2021-03-01
1399-12-12,110750.0,2021-03-02
1399-12-13,111384.0,2021-03-03
1399-12-16,112312.0,2021-03-06
1399-12-17,112451.0,2021-03-07
1399-12-18,112075.0,2021-03-08
1399-12-19,110484.0,2021-03-09
1399-12-20,109012.0,2021-03-10
1399-12-23,107283.0,2021-03-13
1399-12-24,111558.0,2021-03-14
1399-12-25,112336.0,2021-03-15
1399-12-26,112001.0,2021-03-16
1399-12-27,111751.0,2021-03-17
1400-01-07,112331.0,2021-03-27
1400-01-08,111020.0,2021-03-28
1400-01-10,109403.0,2021-03-30
1400-01-11,113575.0,2021-03-31
1400-01-14,112700.0,2021-04-03
1400-01-15,112416.0,2021-04-04
1400-01-16,112093.0,2021-04-05
1400-01-17,111858.0,2021-04-06
1400-01-18,111621.0,2021-04-07
1400-01-21,111572.0,2021-04-10
1400-01-22,111459.0,2021-04-11
1400-01-23,111273.0,2021-04-12
1400-01-24,110934.0,2021-04-13
1400-01-25,110934.0,2021-04-14
1400-01-28,110934.0,2021-04-17
1400-01-29,110934.0,2021-04-18
1400-01-30,110934.0,2021-04-19
1400-01-31,110934.0,2021-04-20
1400-02-01,110784.0,2021-04-21
1400-02-04,110783.0,2021-04-24
1400-02-05,110784.0,2021-04-25
1400-02-06,110784.0,2021-04-26
1400-02-07,110635.0,2021-04-27
1400-02-08,110635.0,2021-04-28
1400-02-11,110635.0,2021-05-01
1400-02-12,110634.0,2021-05-02
1400-02-13,110635.0,2021-05-03
1400-02-15,110634.0,2021-05-05
1400-02-18,110635.0,2021-05-08
1400-02-19,110634.0,2021-05-09
1400-02-20,110631.0,2021-05-10
1400-02-21,110472.0,2021-05-11
1400-02-22,110314.0,2021-05-12
1400-02-25,109478.0,2021-05-15
1400-02-26,109167.0,2021-05-16
1400-02-27,108990.0,2021-05-17
1400-02-28,108976.0,2021-05-18
1400-02-29,108659.0,2021-05-19
1400-03-01,108320.0,2021-05-22
1400-03-02,108289.0,2021-05-23
1400-03-03,108274.0,2021-05-24
1400-03-04,107964.0,2021-05-25
1400-03-05,106900.0,2021-05-26
1400-03-08,102900.0,2021-05-29
1400-03-09,98820.2,2021-05-30
1400-03-10,94986.3,2021-05-31
1400-03-11,91663.1,2021-06-01
1400-03-12,94186.9,2021-06-02
1400-03-17,93785.7,2021-06-07
1400-03-18,92849.3,2021-06-08
1400-03-19,89250.7,2021-06-09
1400-03-22,86187.8,2021-06-12
1400-03-23,86387.5,2021-06-13
1400-03-24,82298.8,2021-06-14
1400-03-25,79217.3,2021-06-15
1400-03-26,76794.9,2021-06-16
1400-03-29,76851.2,2021-06-19
1400-03-30,74834.7,2021-06-20
1400-03-31,76096.9,2021-06-21
1400-04-01,78934.0,2021-06-22
1400-04-02,79728.3,2021-06-23
1400-04-05,80309.5,2021-06-26
1400-04-06,79311.6,2021-06-27
1400-04-07,79200.3,2021-06-28
1400-04-08,80581.3,2021-06-29
1400-04-09,81286.9,2021-06-30
1400-04-12,78549.7,2021-07-03
1400-04-13,78884.6,2021-07-04
1400-04-14,79130.7,2021-07-05
1400-04-15,79780.2,2021-07-06
1400-04-16,82377.6,2021-07-07
1400-04-19,83746.2,2021-07-10
1400-04-20,84159.5,2021-07-11
1400-04-21,86635.5,2021-07-12
1400-04-22,85188.6,2021-07-13
1400-04-23,84420.0,2021-07-14
1400-04-26,82907.9,2021-07-17
1400-04-27,80486.3,2021-07-18
1400-04-28,81767.5,2021-07-19
1400-05-04,82170.4,2021-07-26
1400-05-05,81642.4,2021-07-27
1400-05-06,81888.4,2021-07-28
1400-05-09,81477.0,2021-07-31
1400-05-10,81127.4,2021-08-01
1400-05-11,81001.8,2021-08-02
1400-05-12,81436.8,2021-08-03
1400-05-13,81198.5,2021-08-04
1400-05-16,78890.2,2021-08-07
1400-05-17,78994.4,2021-08-08
1400-05-18,79024.0,2021-08-09
1400-05-19,80826.8,2021-08-10
1400-05-20,82103.1,2021-08-11
1400-05-23,79669.4,2021-08-14
1400-05-24,80560.0,2021-08-15
1400-05-31,84144.4,2021-08-22
1400-06-01,86856.3,2021-08-23
1400-06-02,90920.3,2021-08-24
1400-06-03,94394.5,2021-08-25
1400-06-06,98435.8,2021-08-28
1400-06-07,99607.9,2021-08-29
1400-06-08,96486.7,2021-08-30
1400-06-09,93746.7,2021-08-31
1400-06-10,96068.9,2021-09-01
1400-06-13,99308.9,2021-09-04
1400-06-14,99755.8,2021-09-05
1400-06-15,100805.0,2021-09-06
1400-06-16,101560.0,2021-09-07
1400-06-17,101884.0,2021-09-08
1400-06-20,100960.0,2021-09-11
1400-06-21,99862.5,2021-09-12
1400-06-22,96304.3,2021-09-13
1400-06-23,93926.7,2021-09-14
1400-06-24,92788.5,2021-09-15
1400-06-27,90461.0,2021-09-18
1400-06-28,87861.5,2021-09-19
1400-06-29,85674.9,2021-09-20
1400-06-30,82111.3,2021-09-21
1400-06-31,79471.3,2021-09-22
1400-07-03,82355.1,2021-09-25
1400-07-04,81591.3,2021-09-26
1400-07-06,79903.9,2021-09-28
1400-07-07,80695.0,2021-09-29
1400-07-10,80815.6,2021-10-02
1400-07-11,78538.9,2021-10-03
1400-07-12,80508.9,2021-10-04
1400-07-14,83299.2,2021-10-06
1400-07-17,82582.6,2021-10-09
1400-07-18,79886.4,2021-10-10
1400-07-19,77957.1,2021-10-11
1400-07-20,79058.4,2021-10-12
1400-07-21,78547.7,2021-10-13
1400-07-24,79339.0,2021-10-16
1400-07-25,76787.1,2021-10-17
1400-07-26,74166.7,2021-10-18
1400-07-27,75575.1,2021-10-19
1400-07-28,74069.0,2021-10-20
1400-08-01,71631.5,2021-10-23
1400-08-03,68860.1,2021-10-25
1400-08-04,67111.0,2021-10-26
1400-08-05,66897.8,2021-10-27
1400-08-08,65403.9,2021-10-30
1400-08-09,62751.2,2021-10-31
1400-08-10,63430.0,2021-11-01
1400-08-11,63534.6,2021-11-02
1400-08-12,65418.6,2021-11-03
1400-08-15,68384.2,2021-11-06
1400-08-16,67806.0,2021-11-07
1400-08-17,66960.4,2021-11-08
1400-08-18,67488.1,2021-11-09
1400-08-19,69289.7,2021-11-10
1400-08-22,68424.1,2021-11-13
1400-08-23,66910.0,2021-11-14
1400-08-24,65039.6,2021-11-15
1400-08-25,66839.7,2021-11-16
1400-08-26,69712.0,2021-11-17
1400-08-29,68906.3,2021-11-20
1400-08-30,68854.5,2021-11-21
1400-09-01,69520.7,2021-11-22
1400-09-02,67671.9,2021-11-23
1400-09-03,66354.2,2021-11-24
1400-09-06,63869.4,2021-11-27
1400-09-07,63347.7,2021-11-28
1400-09-08,63565.0,2021-11-29
1400-09-09,63397.4,2021-11-30
1400-09-10,62396.7,2021-12-01
1400-09-13,60910.3,2021-12-04
1400-09-14,61411.9,2021-12-05
1400-09-15,62134.1,2021-12-06
1400-09-16,61445.8,2021-12-07
1400-09-17,61523.3,2021-12-08
1400-09-20,60486.0,2021-12-11
1400-09-21,58876.1,2021-12-12
1400-09-22,58063.8,2021-12-13
1400-09-23,57432.6,2021-12-14
1400-09-24,57821.0,2021-12-15
1400-09-27,59594.3,2021-12-18
1400-09-28,59391.3,2021-12-19
1400-09-29,60098.5,2021-12-20
1400-09-30,61884.6,2021-12-21
1400-10-01,64559.5,2021-12-22
1400-10-04,64491.4,2021-12-25
1400-10-05,62530.6,2021-12-26
1400-10-06,63427.4,2021-12-27
1400-10-07,62477.7,2021-12-28
1400-10-08,62494.2,2021-12-29
1400-10-11,60830.4,2022-01-01
1400-10-12,60807.0,2022-01-02
1400-10-13,60920.9,2022-01-03
1400-10-14,61556.1,2022-01-04
1400-10-15,62413.9,2022-01-05
1400-10-18,62076.9,2022-01-08
1400-10-19,60121.8,2022-01-09
1400-10-20,60799.7,2022-01-10
1400-10-21,60936.4,2022-01-11
1400-10-22,62160.9,2022-01-12
1400-10-25,60803.6,2022-01-15
1400-10-26,59941.5,2022-01-16
1400-10-27,59712.9,2022-01-17
1400-10-28,57077.2,2022-01-18
1400-10-29,57643.7,2022-01-19
1400-11-02,57153.2,2022-01-22
1400-11-03,55482.4,2022-01-23
1400-11-04,54861.4,2022-01-24
1400-11-05,52924.2,2022-01-25
1400-11-06,53342.3,2022-01-26
1400-11-09,55067.4,2022-01-29
1400-11-10,55334.8,2022-01-30
1400-11-11,56806.2,2022-01-31
1400-11-12,57976.9,2022-02-01
1400-11-13,58040.7,2022-02-02
1400-11-16,58582.7,2022-02-05
1400-11-17,56436.0,2022-02-06
1400-11-18,56097.8,2022-02-07
1400-11-19,56034.1,2022-02-08
1400-11-20,55790.1,2022-02-09
1400-11-23,55781.2,2022-02-12
1400-11-24,55249.0,2022-02-13
1400-11-25,55530.0,2022-02-14
1400-11-27,55531.1,2022-02-16
1400-11-30,55180.0,2022-02-19
1400-12-01,54824.9,2022-02-20
1400-12-02,56492.6,2022-02-21
1400-12-03,57414.7,2022-02-22
1400-12-04,58096.7,2022-02-23
1400-12-07,58214.6,2022-02-26
1400-12-08,58400.7,2022-02-27
1400-12-09,58444.0,2022-02-28
1400-12-11,58862.8,2022-03-02
1400-12-14,57817.8,2022-03-05
1400-12-15,57391.4,2022-03-06
1400-12-16,58140.7,2022-03-07
1400-12-17,58025.6,2022-03-08
1400-12-18,59783.8,2022-03-09
1400-12-21,59839.8,2022-03-12
1400-12-22,59258.9,2022-03-13
1400-12-23,59329.7,2022-03-14
1400-12-24,59791.0,2022-03-15
1400-12-25,60228.5,2022-03-16
1400-12-28,60197.6,2022-03-19
1401-01-06,61739.8,2022-03-26
1401-01-07,63233.2,2022-03-27
1401-01-08,63461.8,2022-03-28
1401-01-09,62414.7,2022-03-29
1401-01-10,62014.8,2022-03-30
1401-01-14,62961.8,2022-04-03
1401-01-15,62879.2,2022-04-04
1401-01-16,63242.4,2022-04-05
1401-01-17,64127.3,2022-04-06
1401-01-20,63372.4,2022-04-09
1401-01-21,64608.9,2022-04-10
1401-01-22,67517.4,2022-04-11
1401-01-23,67654.1,2022-04-12
1401-01-24,67535.6,2022-04-13
1401-01-27,67731.1,2022-04-16
1401-01-28,67239.3,2022-04-17
1401-01-29,68669.0,2022-04-18
1401-01-30,68224.0,2022-04-19
1401-01-31,68216.2,2022-04-20
1401-02-04,68822.8,2022-04-24
1401-02-05,71327.2,2022-04-25
1401-02-06,72477.6,2022-04-26
1401-02-07,70765.8,2022-04-27
1401-02-10,70678.0,2022-04-30
1401-02-11,71028.4,2022-05-01
1401-02-12,70113.0,2022-05-02
1401-02-17,71151.9,2022-05-07
1401-02-18,71513.1,2022-05-08
1401-02-19,71929.5,2022-05-09
1401-02-20,71462.3,2022-05-10
1401-02-21,74129.5,2022-05-11
1401-02-24,77547.6,2022-05-14
1401-02-25,77216.5,2022-05-15
1401-02-26,79022.2,2022-05-16
1401-02-27,76105.8,2022-05-17
1401-02-28,74852.7,2022-05-18
1401-02-31,73018.0,2022-05-21
1401-03-01,73417.5,2022-05-22
1401-03-02,70697.2,2022-05-23
1401-03-03,68363.9,2022-05-24
1401-03-04,70815.7,2022-05-25
1401-03-07,71281.3,2022-05-28
1401-03-08,67902.3,2022-05-29
1401-03-09,68199.1,2022-05-30
1401-03-10,67431.1,2022-05-31
1401-03-11,66894.1,2022-06-01
1401-03-16,64538.3,2022-06-06
1401-03-17,63727.4,2022-06-07
1401-03-18,63497.9,2022-06-08
1401-03-21,63437.7,2022-06-11
1401-03-22,63527.5,2022-06-12
1401-03-23,65441.3,2022-06-13
1401-03-24,65645.2,2022-06-14
1401-03-25,64763.1,2022-06-15
1401-03-28,63824.2,2022-06-18
1401-03-29,64611.6,2022-06-19
1401-03-30,64000.9,2022-06-20
1401-03-31,61991.9,2022-06-21
1401-04-01,61385.4,2022-06-22
1401-04-04,61383.7,2022-06-25
1401-04-05,59896.1,2022-06-26
1401-04-06,59939.7,2022-06-27
1401-04-07,62115.4,2022-06-28
1401-04-08,62374.3,2022-06-29
1401-04-11,61414.7,2022-07-02
1401-04-12,60875.7,2022-07-03
1401-04-13,61294.5,2022-07-04
1401-04-14,62873.4,2022-07-05
1401-04-15,61669.4,2022-07-06
1401-04-18,59688.2,2022-07-09
1401-04-20,58129.2,2022-07-11
1401-04-21,57504.5,2022-07-12
1401-04-22,57539.6,2022-07-13
1401-04-25,56592.7,2022-07-16
1401-04-26,56113.4,2022-07-17
1401-04-28,56558.7,2022-07-19
1401-04-29,57645.7,2022-07-20
1401-05-01,57595.7,2022-07-23
1401-05-02,56605.4,2022-07-24
1401-05-03,54311.1,2022-07-25
1401-05-04,53802.4,2022-07-26
1401-05-05,53626.4,2022-07-27
1401-05-08,53310.1,2022-07-30
1401-05-09,51294.9,2022-07-31
1401-05-10,51424.2,2022-08-01
1401-05-11,51948.0,2022-08-02
1401-05-12,53931.9,2022-08-03
1401-05-15,56032.5,2022-08-06
1401-05-18,56090.9,2022-08-09
1401-05-19,55459.3,2022-08-10
1401-05-22,56618.0,2022-08-13
1401-05-23,55790.6,2022-08-14
1401-05-24,55711.5,2022-08-15
1401-05-25,56136.3,2022-08-16
1401-05-26,55677.9,2022-08-17
1401-05-29,55116.2,2022-08-20
1401-05-30,55037.2,2022-08-21
1401-05-31,56269.4,2022-08-22
1401-06-01,57539.6,2022-08-23
1401-06-02,60018.6,2022-08-24
1401-06-05,59740.0,2022-08-27
1401-06-06,58511.9,2022-08-28
1401-06-07,58739.1,2022-08-29
1401-06-08,57742.0,2022-08-30
1401-06-09,58696.3,2022-08-31
1401-06-12,57577.6,2022-09-03
1401-06-13,58091.1,2022-09-04
1401-06-14,59705.1,2022-09-05
1401-06-15,58879.5,2022-09-06
1401-06-16,58985.6,2022-09-07
